,Date,Open,High,Low,Close,Volume,Market Cap
0,"Aug 25, 2017",6.3e-05,8.1e-05,4.5e-05,4.6e-05,18705,14035600
1,"Aug 24, 2017",7.099999999999999e-05,7.7e-05,4.3e-05,6.3e-05,15720,15755900
2,"Aug 23, 2017",4.8e-05,7.7e-05,4.3e-05,7.099999999999999e-05,23012,10708000
3,"Aug 22, 2017",4.5e-05,5.9e-05,4e-05,4.8e-05,16503,10053400
4,"Aug 21, 2017",4.5e-05,7.4e-05,4.4e-05,4.5e-05,11454,9893300
5,"Aug 20, 2017",5.5e-05,6.500000000000001e-05,4.1e-05,4.5e-05,11412,12176800
6,"Aug 19, 2017",5.4000000000000005e-05,6.500000000000001e-05,4.3e-05,5.5e-05,12868,12029600
7,"Aug 18, 2017",4.6e-05,6.4e-05,4.1e-05,5.4000000000000005e-05,16339,10131300
8,"Aug 17, 2017",4.7e-05,6.500000000000001e-05,4.1e-05,4.6e-05,16568,10381900
9,"Aug 16, 2017",7.2e-05,7.2e-05,4.3e-05,4.7e-05,10083,15993900
10,"Aug 15, 2017",6.500000000000001e-05,7.2e-05,4.3e-05,7.2e-05,18352,14362000
11,"Aug 14, 2017",5.9e-05,7.6e-05,5.2000000000000004e-05,6.4e-05,20970,13111700
12,"Aug 13, 2017",7.5e-05,8.1e-05,4.3e-05,5.7999999999999994e-05,42246,16602500
13,"Aug 12, 2017",6.7e-05,8.4e-05,4e-05,7.5e-05,35953,14909300
14,"Aug 11, 2017",4.1e-05,7.900000000000001e-05,3.8e-05,6.7e-05,19960,9120030
15,"Aug 10, 2017",4.1e-05,6.8e-05,3.6e-05,4.1e-05,43196,9092570
16,"Aug 09, 2017",5e-05,7.7e-05,3.9e-05,4.1e-05,40460,11183300
17,"Aug 08, 2017",5e-05,7.3e-05,4.1e-05,5e-05,6855,11105200
18,"Aug 07, 2017",5.6999999999999996e-05,6.3e-05,4e-05,5e-05,7086,12708100
19,"Aug 06, 2017",6.3e-05,6.3e-05,4.4e-05,5.6999999999999996e-05,9783,13890200
20,"Aug 05, 2017",5.6000000000000006e-05,6.4e-05,4.6e-05,6.2e-05,11582,12392300
21,"Aug 04, 2017",4.3e-05,0.00026000000000000003,2.8000000000000003e-05,5.6000000000000006e-05,14092,9637020
22,"Aug 03, 2017",4.4e-05,9.7e-05,3.3e-05,3.7e-05,11295,9764830
23,"Aug 02, 2017",4e-05,6.8e-05,3.2e-05,4.4e-05,11045,8953800
24,"Aug 01, 2017",5.6000000000000006e-05,6.7e-05,3.7e-05,4e-05,5350,12502400
25,"Jul 31, 2017",5.1e-05,7.2e-05,3.7e-05,5.6000000000000006e-05,7275,11256200
26,"Jul 30, 2017",5.1e-05,6.7e-05,3.8e-05,3.9e-05,6683,11285300
27,"Jul 29, 2017",5.5e-05,5.6000000000000006e-05,3.3e-05,5.1e-05,5551,12305900
28,"Jul 28, 2017",5.1e-05,9.2e-05,3.4e-05,5.6000000000000006e-05,8289,11344700
29,"Jul 27, 2017",5.9e-05,0.000122,3.1e-05,5.1e-05,38825,13019500
30,"Jul 26, 2017",5.5e-05,6.2e-05,3.8e-05,6.2e-05,11389,12227400
31,"Jul 25, 2017",5.4000000000000005e-05,6.4e-05,3.2e-05,5.5e-05,13878,12054500
32,"Jul 24, 2017",5.9999999999999995e-05,6.4e-05,3.7e-05,5.4000000000000005e-05,28103,13220600
33,"Jul 23, 2017",7.099999999999999e-05,9.2e-05,3.8e-05,5.9e-05,52491,15827800
34,"Jul 22, 2017",6.6e-05,8.7e-05,5.9999999999999995e-05,7.099999999999999e-05,11692,14690800
35,"Jul 21, 2017",6.3e-05,8e-05,5.6000000000000006e-05,5.7999999999999994e-05,13549,13952000
36,"Jul 20, 2017",6.6e-05,9.4e-05,5.5e-05,6.2e-05,19070,14620600
37,"Jul 19, 2017",6.500000000000001e-05,7.2e-05,5e-05,6.8e-05,23693,14438000
38,"Jul 18, 2017",6.3e-05,7.099999999999999e-05,5.1e-05,6.500000000000001e-05,13979,13905000
39,"Jul 17, 2017",5.3e-05,6.9e-05,4.2e-05,6.2e-05,13069,11689500
40,"Jul 16, 2017",6.2e-05,7.3e-05,4.1e-05,5.3e-05,11527,13779700
41,"Jul 15, 2017",5.6000000000000006e-05,6.6e-05,4.7e-05,6.2e-05,8460,12352800
42,"Jul 14, 2017",6.9e-05,8.1e-05,5.1e-05,5.6000000000000006e-05,10859,15373100
43,"Jul 13, 2017",5.6000000000000006e-05,7.3e-05,5.1e-05,6.9e-05,16589,12426200
44,"Jul 12, 2017",6.4e-05,7.099999999999999e-05,5e-05,5.6000000000000006e-05,27825,14113700
45,"Jul 11, 2017",6.9e-05,7.099999999999999e-05,5.1e-05,6.4e-05,21638,15431500
46,"Jul 10, 2017",7.5e-05,7.7e-05,5.2000000000000004e-05,6.9e-05,12125,16673700
47,"Jul 09, 2017",6.2e-05,8.1e-05,5.6999999999999996e-05,7.5e-05,12194,13668000
48,"Jul 08, 2017",7.4e-05,8.1e-05,5.3e-05,6.2e-05,15699,16436000
49,"Jul 07, 2017",6.1e-05,9.6e-05,5.6000000000000006e-05,7.4e-05,60380,13545800
50,"Jul 06, 2017",6.9e-05,7.900000000000001e-05,5.7999999999999994e-05,6.1e-05,16245,15404000
51,"Jul 05, 2017",8.2e-05,9e-05,5.9e-05,6.9e-05,20546,18319400
52,"Jul 04, 2017",7.6e-05,8.499999999999999e-05,5.9e-05,8.3e-05,16577,16972200
53,"Jul 03, 2017",8.2e-05,8.9e-05,5.9999999999999995e-05,7.3e-05,27706,18113500
54,"Jul 02, 2017",7.5e-05,0.000143,6.2e-05,8.2e-05,57218,16721200
55,"Jul 01, 2017",0.00011200000000000001,0.00011899999999999999,5.9e-05,6.2e-05,14752,24956400
56,"Jun 30, 2017",8.6e-05,0.000113,7.5e-05,0.000113,29245,19128400
57,"Jun 29, 2017",9.2e-05,0.00010400000000000001,7.7e-05,8.6e-05,34469,20321300
58,"Jun 28, 2017",8.6e-05,0.000106,8.1e-05,9.2e-05,35975,19095900
59,"Jun 27, 2017",8e-05,0.00010400000000000001,6.3e-05,8.499999999999999e-05,56261,17872700
60,"Jun 26, 2017",8.8e-05,0.000105,5.5e-05,8e-05,46785,19633300
61,"Jun 25, 2017",0.000101,0.00010700000000000001,7.5e-05,8.7e-05,37529,22523400
62,"Jun 24, 2017",0.000105,0.000118,8.2e-05,0.000101,54007,23304600
63,"Jun 23, 2017",0.000117,0.000117,6.6e-05,0.000105,64781,25870200
64,"Jun 22, 2017",8.4e-05,0.00011599999999999999,7.6e-05,0.000113,70149,18681300
65,"Jun 21, 2017",0.000106,0.000135,7.8e-05,8.4e-05,52031,23610400
66,"Jun 20, 2017",0.00010700000000000001,0.00011399999999999999,6.2e-05,0.000105,129805,23829500
67,"Jun 19, 2017",9.9e-05,0.00011100000000000001,7.900000000000001e-05,0.00010800000000000001,78278,22031400
68,"Jun 18, 2017",0.000127,0.000134,8.1e-05,9.9e-05,190751,28251800
69,"Jun 17, 2017",0.000128,0.000147,0.000102,0.000127,114738,28408700
70,"Jun 16, 2017",0.000124,0.000147,0.00010400000000000001,0.000146,86525,27475200
71,"Jun 15, 2017",0.000125,0.00014099999999999998,9.4e-05,0.000124,127681,27716400
72,"Jun 14, 2017",0.000139,0.000167,0.000121,0.000139,152045,30751700
73,"Jun 13, 2017",0.000133,0.00014,0.00011100000000000001,0.000138,245068,29420100
74,"Jun 12, 2017",0.000176,0.00018899999999999999,0.00011899999999999999,0.000133,209724,39050600
75,"Jun 11, 2017",0.000126,0.000181,0.00011899999999999999,0.000176,154131,28052400
76,"Jun 10, 2017",0.000168,0.000196,0.00011999999999999999,0.000127,472020,37385300
77,"Jun 09, 2017",0.00022400000000000002,0.000227,0.00014199999999999998,0.000168,758953,49711500
78,"Jun 08, 2017",0.000266,0.000273,0.000167,0.000225,1136500,58991700
79,"Jun 07, 2017",0.000149,0.000273,0.000149,0.000262,2169790,33022000
80,"Jun 06, 2017",0.000157,0.000176,0.000113,0.000172,818623,34936500
81,"Jun 05, 2017",9.2e-05,0.00018899999999999999,7.099999999999999e-05,0.000161,1012350,20494800
82,"Jun 04, 2017",7.4e-05,9.2e-05,5.5e-05,9.2e-05,114587,16373600
83,"Jun 03, 2017",5e-05,7.7e-05,3.1e-05,7.4e-05,121890,11044900
84,"Jun 02, 2017",2.7000000000000002e-05,5.1e-05,2.6000000000000002e-05,5e-05,103976,5933600
85,"Jun 01, 2017",4.5e-05,4.8e-05,2.5e-05,4.4e-05,23660,9997180
86,"May 31, 2017",2.8999999999999997e-05,5.1e-05,2.5e-05,4.5e-05,32901,6382020
87,"May 30, 2017",4.4e-05,5.2000000000000004e-05,2.4e-05,2.8999999999999997e-05,19346,9871990
88,"May 29, 2017",4.4e-05,4.7e-05,2.4e-05,2.8000000000000003e-05,32324,9790510
89,"May 28, 2017",4.3e-05,4.9e-05,2.4e-05,4.4e-05,47757,9480730
90,"May 27, 2017",4.5e-05,5e-05,2.3e-05,4.3e-05,48845,10025700
91,"May 26, 2017",6.8e-05,7.6e-05,2.5e-05,4.5e-05,179890,15135000
92,"May 25, 2017",6.3e-05,0.000121,3.6e-05,6.9e-05,552090,14063800
93,"May 24, 2017",2.3e-05,6.500000000000001e-05,2.3e-05,6.4e-05,268053,5206790
94,"May 23, 2017",2.5e-05,3.8e-05,2.3e-05,2.4e-05,34289,5455670
95,"May 22, 2017",1.7e-05,2.5e-05,1.6e-05,2.4e-05,26122,3666690
96,"May 21, 2017",1.9e-05,2.1e-05,1.3000000000000001e-05,1.7e-05,19887,4253550
97,"May 20, 2017",1.8e-05,2.6000000000000002e-05,1.3000000000000001e-05,1.9e-05,32408,4066930
98,"May 19, 2017",1.7e-05,2.4e-05,1.3000000000000001e-05,1.8e-05,19843,3738220
99,"May 18, 2017",3.1e-05,3.2e-05,1.4000000000000001e-05,1.7e-05,48409,6871420
100,"May 17, 2017",7.000000000000001e-06,7.099999999999999e-05,7.000000000000001e-06,3.1e-05,7680,1644720
101,"May 16, 2017",1.1e-05,1.7e-05,7.000000000000001e-06,7.000000000000001e-06,7311,2480520
102,"May 15, 2017",8.3e-05,0.00019099999999999998,1.1e-05,1.1e-05,7502,18402800
103,"May 14, 2017",5.2000000000000004e-05,0.000298,5.2000000000000004e-05,8.3e-05,32885,11633900
104,"May 13, 2017",0.000128,0.00018600000000000002,1.4999999999999999e-05,5.2000000000000004e-05,5999,-
105,"May 12, 2017",2.7000000000000002e-05,0.000414,2.4e-05,0.000127,706,-
106,"May 11, 2017",6.3e-05,7e-05,1.6e-05,2.7000000000000002e-05,1153,-
107,"May 10, 2017",8e-06,0.000125,6e-06,6.2e-05,618,1869850
108,"May 09, 2017",9e-06,1e-05,8e-06,8e-06,1102,1900530
109,"May 08, 2017",1.1e-05,1.2e-05,8e-06,8e-06,1684,2435620
110,"May 07, 2017",7.000000000000001e-06,1.3000000000000001e-05,6e-06,1.1e-05,4159,1444790
111,"May 06, 2017",5e-06,7.000000000000001e-06,5e-06,6e-06,2098,1084590
112,"May 05, 2017",6e-06,7.000000000000001e-06,5e-06,5e-06,1460,1395530
113,"May 04, 2017",5e-06,7.000000000000001e-06,5e-06,6e-06,1978,1040770
114,"May 03, 2017",4e-06,6e-06,3e-06,5e-06,1694,778290
115,"May 02, 2017",3e-06,5e-06,3e-06,4e-06,418,685331
116,"May 01, 2017",4e-06,4e-06,3e-06,3e-06,397,779365
117,"Apr 30, 2017",3e-06,4e-06,3e-06,4e-06,416,674297
118,"Apr 29, 2017",3e-06,4e-06,3e-06,3e-06,331,677036
119,"Apr 28, 2017",3e-06,3e-06,2e-06,3e-06,456,666590
120,"Apr 27, 2017",2e-06,3e-06,2e-06,3e-06,46,553228
121,"Apr 26, 2017",1.1e-05,1.1e-05,2e-06,2e-06,101,2500570
122,"Apr 25, 2017",7.000000000000001e-06,1.2e-05,7.000000000000001e-06,1.1e-05,885,1641010
123,"Apr 24, 2017",3e-06,8e-06,2e-06,7.000000000000001e-06,180,556587
124,"Apr 23, 2017",3e-06,3e-06,2e-06,3e-06,202,734875
125,"Apr 22, 2017",4e-06,4e-06,2e-06,3e-06,201,802713
126,"Apr 21, 2017",4e-06,6e-06,3e-06,4e-06,188,787303
127,"Apr 20, 2017",1e-05,1e-05,3e-06,4e-06,363,2265840
128,"Apr 19, 2017",1e-05,1.1e-05,6e-06,1e-05,594,2200660
129,"Apr 18, 2017",7.000000000000001e-06,1.1e-05,7.000000000000001e-06,1e-05,305,1636480
130,"Apr 17, 2017",4e-06,7.000000000000001e-06,2e-06,7.000000000000001e-06,782,843918
131,"Apr 16, 2017",2e-06,4e-06,2e-06,4e-06,28,554441
132,"Apr 15, 2017",6e-06,6e-06,2e-06,2e-06,43,1249210
133,"Apr 14, 2017",9e-06,1e-05,3e-06,6e-06,66,1954440
134,"Apr 13, 2017",1e-05,1e-05,9e-06,9e-06,323,2243930
135,"Apr 12, 2017",1e-05,1.1e-05,6e-06,1e-05,408,2264460
136,"Apr 11, 2017",7.000000000000001e-06,1e-05,5e-06,1e-05,355,1608210
137,"Apr 10, 2017",3e-06,1.2e-05,3e-06,7.000000000000001e-06,999,561579
138,"Apr 09, 2017",5e-06,6e-06,3e-06,3e-06,224,1199300
139,"Apr 08, 2017",2e-06,5e-06,2e-06,5e-06,851,364162
140,"Apr 07, 2017",2e-06,2e-06,1e-06,2e-06,95,518854
141,"Apr 06, 2017",2e-06,3e-06,2e-06,2e-06,331,543456
142,"Apr 05, 2017",3e-06,3e-06,2e-06,3e-06,105,662284
143,"Apr 04, 2017",3e-06,4e-06,3e-06,3e-06,213,629036
144,"Apr 03, 2017",4e-06,6e-06,3e-06,3e-06,221,921249
145,"Apr 02, 2017",2e-06,4e-06,2e-06,4e-06,362,521813
146,"Apr 01, 2017",2e-06,3e-06,1e-06,2e-06,529,341006
147,"Mar 31, 2017",2e-06,2e-06,1e-06,2e-06,96,363893
148,"Mar 30, 2017",1e-06,2e-06,9.000000000000001e-07,2e-06,344,254476
149,"Mar 29, 2017",1e-06,1e-06,8.4e-07,1e-06,224,233299
150,"Mar 28, 2017",8.5e-07,1e-06,7.3e-07,1e-06,97,188478
151,"Mar 27, 2017",9.1e-07,1e-06,7.3e-07,8.5e-07,92,202182
152,"Mar 26, 2017",1e-06,1e-06,9.1e-07,9.1e-07,153,247732
153,"Mar 25, 2017",1e-06,2e-06,9.8e-07,1e-06,61,300009
154,"Mar 24, 2017",7.7e-07,2e-06,6.7e-07,1e-06,52,170100
155,"Mar 23, 2017",7.7e-07,8.1e-07,5.2e-07,7.7e-07,204,169947
156,"Mar 22, 2017",5.5e-07,7.7e-07,5.2e-07,7.7e-07,84,122101
157,"Mar 21, 2017",4e-06,4e-06,5.1e-07,5.5e-07,65,858955
158,"Mar 20, 2017",3e-06,4e-06,2e-06,4e-06,84,565762
159,"Mar 19, 2017",3e-06,5e-06,2e-06,3e-06,136,560057
160,"Mar 18, 2017",6.3e-07,3e-06,5.2e-07,3e-06,50,139557
161,"Mar 17, 2017",4.7e-07,6.4e-07,4.3e-07,6.3e-07,18,104560
162,"Mar 16, 2017",6.6e-07,6.9e-07,4.6e-07,4.7e-07,47,147214
163,"Mar 15, 2017",9.1e-07,9.2e-07,5.9e-07,6.7e-07,108,201540
164,"Mar 14, 2017",6.8e-07,1e-06,6.7e-07,9.1e-07,25,150941
165,"Mar 13, 2017",6.9e-07,8e-07,6.1e-07,6.8e-07,185,152661
166,"Mar 12, 2017",6.2e-07,7.1e-07,6.1e-07,6.7e-07,118,138343
167,"Mar 11, 2017",6.3e-07,6.9e-07,6e-07,6.1e-07,96,140376
168,"Mar 10, 2017",7.7e-07,7.7e-07,6.2e-07,6.3e-07,58,169927
169,"Mar 09, 2017",6e-07,8e-07,5.8e-07,7.7e-07,131,132299
170,"Mar 08, 2017",6.3e-07,7e-07,5.5e-07,6e-07,168,139393
171,"Mar 07, 2017",9.7e-07,1e-06,6.1e-07,6.3e-07,65,214782
172,"Mar 06, 2017",1e-06,2e-06,9.7e-07,9.7e-07,213,251158
173,"Mar 05, 2017",7.4e-07,1e-06,6.3e-07,9.9e-07,198,164465
174,"Mar 04, 2017",4e-06,5e-06,6.5e-07,7.5e-07,313,850254
175,"Mar 03, 2017",3e-06,4e-06,2e-06,4e-06,81,598386
176,"Mar 02, 2017",4e-06,7.000000000000001e-06,3e-06,3e-06,171,858527
177,"Mar 01, 2017",6.2e-07,4e-06,6e-07,4e-06,22,136557
178,"Feb 28, 2017",2e-06,2e-06,6e-07,6.2e-07,106,356605
179,"Feb 27, 2017",1e-06,2e-06,1e-06,2e-06,80,262228
180,"Feb 26, 2017",1e-06,1e-06,7.2e-07,1e-06,135,297896
181,"Feb 25, 2017",7.1e-07,3e-06,7.1e-07,2e-06,57,157043
182,"Feb 24, 2017",7.9e-07,8e-07,7e-07,7.2e-07,15,174345
183,"Feb 23, 2017",7.1e-07,8e-07,6.9e-07,7.9e-07,42,155957
184,"Feb 22, 2017",7.3e-07,7.7e-07,6.5e-07,6.7e-07,28,161194
185,"Feb 21, 2017",6.3e-07,8.4e-07,6.2e-07,7.3e-07,100,139390
186,"Feb 20, 2017",5.9e-07,6.8e-07,5.8e-07,6.2e-07,17,129907
187,"Feb 19, 2017",6.9e-07,7.3e-07,5.7e-07,5.9e-07,63,152240
188,"Feb 18, 2017",6.6e-07,7.4e-07,6.2e-07,6.9e-07,19,146332
189,"Feb 17, 2017",7.3e-07,7.5e-07,6.4e-07,6.6e-07,29,160360
190,"Feb 16, 2017",7.5e-07,7.7e-07,6.2e-07,7.3e-07,31,165177
191,"Feb 15, 2017",8.3e-07,8.3e-07,6.4e-07,7.5e-07,71,182480
192,"Feb 14, 2017",6.8e-07,1e-06,6.7e-07,8.3e-07,86,149971
193,"Feb 13, 2017",7.7e-07,8.9e-07,6.6e-07,6.8e-07,81,169604
194,"Feb 12, 2017",1e-06,1e-06,7e-07,7.6e-07,70,249618
195,"Feb 11, 2017",1e-06,1e-06,7.4e-07,1e-06,44,240856
196,"Feb 10, 2017",1e-06,2e-06,8.4e-07,1e-06,76,318703
197,"Feb 09, 2017",6.8e-07,3e-06,6.6e-07,1e-06,74,149105
198,"Feb 08, 2017",3e-06,3e-06,6.7e-07,6.7e-07,11,613766
199,"Feb 07, 2017",2e-06,3e-06,6.6e-07,3e-06,95,524550
200,"Feb 06, 2017",3e-06,6e-06,2e-06,2e-06,87,618329
201,"Feb 05, 2017",1e-06,3e-06,6.9e-07,3e-06,110,265795
202,"Feb 04, 2017",2e-06,2e-06,1e-06,1e-06,38,361275
203,"Feb 03, 2017",1e-06,2e-06,7.2e-07,2e-06,19,308960
204,"Feb 02, 2017",8.1e-07,2e-06,6.8e-07,1e-06,23,179446
205,"Feb 01, 2017",3e-06,3e-06,7.3e-07,7.3e-07,32,686741
206,"Jan 31, 2017",9.7e-07,4e-06,9.4e-07,3e-06,41,214555
207,"Jan 30, 2017",2e-06,3e-06,9.000000000000001e-07,9.7e-07,39,381818
208,"Jan 29, 2017",3e-06,4e-06,2e-06,2e-06,212,646810
209,"Jan 28, 2017",4e-06,4e-06,3e-06,3e-06,54,908668
210,"Jan 27, 2017",2e-06,4e-06,2e-06,4e-06,52,460333
211,"Jan 26, 2017",1e-06,2e-06,1e-06,2e-06,73,259361
212,"Jan 25, 2017",1e-06,1e-06,1e-06,1e-06,30,236948
213,"Jan 24, 2017",1e-06,1e-06,1e-06,1e-06,26,230973
214,"Jan 23, 2017",5e-06,5e-06,1e-06,1e-06,66,1038020
215,"Jan 22, 2017",6e-06,6e-06,4e-06,5e-06,53,1357940
216,"Jan 21, 2017",5e-06,6e-06,3e-06,6e-06,84,1013810
217,"Jan 20, 2017",3e-06,5e-06,2e-06,5e-06,74,640859
218,"Jan 19, 2017",6e-06,7.000000000000001e-06,2e-06,3e-06,122,1320640
219,"Jan 18, 2017",2e-06,6e-06,2e-06,6e-06,35,535170
220,"Jan 17, 2017",2e-06,3e-06,2e-06,2e-06,108,504890
221,"Jan 16, 2017",1e-06,3e-06,1e-06,2e-06,68,291518
222,"Jan 15, 2017",3e-06,5e-06,1e-06,1e-06,25,768048
223,"Jan 14, 2017",3e-06,4e-06,1e-06,3e-06,49,641748
224,"Jan 13, 2017",3e-06,3e-06,2e-06,3e-06,94,742969
225,"Jan 12, 2017",3e-06,5e-06,3e-06,3e-06,72,705407
226,"Jan 11, 2017",3e-06,3e-06,8.9e-07,3e-06,54,653704
227,"Jan 10, 2017",2e-06,4e-06,2e-06,3e-06,52,484133
228,"Jan 09, 2017",4e-06,4e-06,1e-06,2e-06,148,781977
229,"Jan 08, 2017",2e-06,5e-06,1e-06,4e-06,94,439847
230,"Jan 07, 2017",3e-06,3e-06,1e-06,2e-06,359,588908
231,"Jan 06, 2017",1e-06,6e-06,1e-06,4e-06,88,301176
232,"Jan 05, 2017",2e-06,3e-06,1e-06,1e-06,209,497384
233,"Jan 04, 2017",4e-06,5e-06,1e-06,2e-06,212,788377
234,"Jan 03, 2017",2e-06,4e-06,2e-06,4e-06,110,484900
235,"Jan 02, 2017",2e-06,3e-06,2e-06,2e-06,208,533987
236,"Jan 01, 2017",3e-06,3e-06,2e-06,2e-06,170,555853
237,"Dec 31, 2016",3e-06,3e-06,2e-06,3e-06,261,582669
238,"Dec 30, 2016",4e-06,4e-06,1e-06,3e-06,221,834834
239,"Dec 29, 2016",3e-06,7.000000000000001e-06,1e-06,4e-06,276,673824
240,"Dec 28, 2016",7.000000000000001e-06,8e-06,3e-06,3e-06,48,1634560
241,"Dec 27, 2016",8e-06,9e-06,6e-06,7.000000000000001e-06,73,1842190
242,"Dec 26, 2016",2e-06,9e-06,2e-06,8e-06,473,433475
243,"Dec 25, 2016",1e-06,2e-06,8.7e-07,2e-06,78,230447
244,"Dec 24, 2016",1e-06,1e-06,8.8e-07,1e-06,253,246047
245,"Dec 23, 2016",9.2e-07,1e-06,8.4e-07,1e-06,39,202208
246,"Dec 22, 2016",1e-06,1e-06,9.2e-07,9.2e-07,43,316780
247,"Dec 21, 2016",7.3e-07,1e-06,7.3e-07,1e-06,34,160818
248,"Dec 20, 2016",7.7e-07,8.5e-07,7.3e-07,7.3e-07,47,167966
249,"Dec 19, 2016",9.6e-07,1e-06,7.6e-07,7.7e-07,21,209879
250,"Dec 18, 2016",2e-06,2e-06,8.8e-07,9.5e-07,172,372642
251,"Dec 17, 2016",3e-06,3e-06,8e-07,2e-06,60,642834
252,"Dec 16, 2016",2e-06,3e-06,2e-06,3e-06,134,398337
253,"Dec 15, 2016",9.9e-07,2e-06,8.7e-07,2e-06,100,217029
254,"Dec 14, 2016",1e-06,2e-06,9.5e-07,9.9e-07,147,320869
255,"Dec 13, 2016",7.000000000000001e-06,7.000000000000001e-06,9.4e-07,1e-06,109,1553930
256,"Dec 12, 2016",5e-06,7.000000000000001e-06,4e-06,7.000000000000001e-06,171,1031160
257,"Dec 11, 2016",2e-06,5e-06,2e-06,5e-06,199,381298
258,"Dec 10, 2016",4e-06,4e-06,2e-06,2e-06,57,874812
259,"Dec 09, 2016",5.7e-07,4e-06,5.6e-07,4e-06,22,123653
260,"Dec 08, 2016",5.4e-07,7.3e-07,5.2e-07,5.6e-07,66,118362
261,"Dec 07, 2016",6.5e-07,7.5e-07,5.3e-07,5.4e-07,38,143197
262,"Dec 06, 2016",6e-06,7.000000000000001e-06,6.5e-07,6.6e-07,52,1346030
263,"Dec 05, 2016",2e-06,7.000000000000001e-06,2e-06,6e-06,501,516224
264,"Dec 04, 2016",5e-07,5e-06,5e-07,2e-06,79,109916
265,"Dec 03, 2016",1e-06,1e-06,5e-07,5.1e-07,19,275752
266,"Dec 02, 2016",7.000000000000001e-06,7.000000000000001e-06,1e-06,1e-06,75,1477370
267,"Dec 01, 2016",3e-06,7.000000000000001e-06,3e-06,7.000000000000001e-06,10,704300
268,"Nov 30, 2016",3e-06,4e-06,3e-06,3e-06,21,660756
269,"Nov 29, 2016",3e-06,3e-06,3e-06,3e-06,28,674384
270,"Nov 28, 2016",4e-06,5e-06,6.1e-07,3e-06,23,949128
271,"Nov 27, 2016",3e-06,6e-06,3e-06,4e-06,67,753054
272,"Nov 26, 2016",5.4e-07,4e-06,5.3e-07,3e-06,24,117078
273,"Nov 25, 2016",5.4e-07,5.6e-07,5.3e-07,5.4e-07,15,119013
274,"Nov 24, 2016",5.4e-07,6.5e-07,5.3e-07,5.4e-07,17,117733
275,"Nov 23, 2016",5.9e-07,6.5e-07,5.4e-07,5.5e-07,16,128116
276,"Nov 22, 2016",5e-06,5e-06,5.2e-07,5.9e-07,21,1009040
277,"Nov 21, 2016",3e-06,6e-06,3e-06,5e-06,25,720499
278,"Nov 20, 2016",5.4e-07,3e-06,5.3e-07,3e-06,28,118761
279,"Nov 19, 2016",6.7e-07,7.7e-07,5.4e-07,5.4e-07,20,145520
280,"Nov 18, 2016",9.5e-07,2e-06,5.4e-07,6.7e-07,43,206855
281,"Nov 17, 2016",6.2e-07,3e-06,6.1e-07,9.5e-07,134,134849
282,"Nov 16, 2016",7.7e-07,2e-06,6.1e-07,6.2e-07,19,168599
283,"Nov 15, 2016",1e-06,2e-06,5.6e-07,7.7e-07,210,221311
284,"Nov 14, 2016",3e-06,3e-06,9.9e-07,1e-06,171,588757
285,"Nov 13, 2016",5.9e-07,3e-06,5.6e-07,3e-06,34,129521
286,"Nov 12, 2016",3e-06,3e-06,5.7e-07,5.9e-07,23,733197
287,"Nov 11, 2016",3e-06,4e-06,3e-06,3e-06,24,755413
288,"Nov 10, 2016",6e-07,4e-06,5.7e-07,3e-06,21,130178
289,"Nov 09, 2016",6.2e-07,8.4e-07,5.6e-07,5.9e-07,33,134281
290,"Nov 08, 2016",6.6e-07,8.2e-07,6.1e-07,6.2e-07,20,144633
291,"Nov 07, 2016",3e-06,3e-06,6.6e-07,6.6e-07,48,580682
292,"Nov 06, 2016",9.3e-07,4e-06,7.6e-07,2e-06,107,203051
293,"Nov 05, 2016",2e-06,2e-06,1e-06,1e-06,17,508978
294,"Nov 04, 2016",7.1e-07,5e-06,7e-07,2e-06,14,154370
295,"Nov 03, 2016",1e-06,1e-06,6.9e-07,7.1e-07,157,293856
296,"Nov 02, 2016",2e-06,2e-06,5.5e-07,1e-06,34,352298
297,"Nov 01, 2016",6e-07,2e-06,6e-07,2e-06,18,130582
298,"Oct 31, 2016",6e-07,6.3e-07,5.8e-07,6e-07,17,129468
299,"Oct 30, 2016",5.9e-07,6.4e-07,5.8e-07,5.9e-07,34,128641
300,"Oct 29, 2016",1e-06,1e-06,5.9e-07,5.9e-07,25,256746
301,"Oct 28, 2016",2e-06,2e-06,1e-06,1e-06,33,347259
302,"Oct 27, 2016",1e-06,2e-06,1e-06,2e-06,20,284092
303,"Oct 26, 2016",5.3e-07,2e-06,4.5e-07,1e-06,27,116011
304,"Oct 25, 2016",5.3e-07,6e-07,5.1e-07,5.3e-07,14,114442
305,"Oct 24, 2016",6.6e-07,8.4e-07,5.2e-07,5.3e-07,11,143626
306,"Oct 23, 2016",6.8e-07,7.7e-07,5.7e-07,6.6e-07,28,147960
307,"Oct 22, 2016",5.9e-07,6.9e-07,5.7e-07,6.8e-07,20,128290
308,"Oct 21, 2016",5.7e-07,6.5e-07,5.6e-07,5.9e-07,22,124447
309,"Oct 20, 2016",5.8e-07,6.3e-07,5.4e-07,5.7e-07,13,126062
310,"Oct 19, 2016",5.9e-07,6.4e-07,5.5e-07,6.3e-07,21,127922
311,"Oct 18, 2016",7.4e-07,7.6e-07,5.6e-07,5.9e-07,23,160506
312,"Oct 17, 2016",6e-07,8.1e-07,6e-07,7.4e-07,21,130186
313,"Oct 16, 2016",5.1e-07,6e-07,4.4e-07,6e-07,26,109913
314,"Oct 15, 2016",5.4e-07,6.9e-07,4.5e-07,5.1e-07,124,117334
315,"Oct 14, 2016",5.4e-07,6.1e-07,5.1e-07,5.4e-07,32,117703
316,"Oct 13, 2016",5.5e-07,6.4e-07,4.9e-07,5.4e-07,106,120245
317,"Oct 12, 2016",5.4e-07,6.3e-07,5.2e-07,5.6e-07,10,117177
318,"Oct 11, 2016",6.2e-07,6.3e-07,4.8e-07,5.4e-07,19,135673
319,"Oct 10, 2016",5e-07,6.7e-07,5e-07,6.2e-07,32,108975
320,"Oct 09, 2016",5.6e-07,5.9e-07,4.4e-07,5e-07,19,121688
321,"Oct 08, 2016",5.8e-07,7.6e-07,4.4e-07,5.6e-07,70,126241
322,"Oct 07, 2016",6.9e-07,7.1e-07,5.3e-07,5.8e-07,188,148818
323,"Oct 06, 2016",7e-07,7.6e-07,5.3e-07,6.9e-07,132,152359
324,"Oct 05, 2016",7.1e-07,7.9e-07,6.7e-07,7e-07,43,154908
325,"Oct 04, 2016",7.1e-07,7.9e-07,7.1e-07,7.1e-07,35,154319
326,"Oct 03, 2016",7e-07,7.8e-07,6.9e-07,7.2e-07,117,150912
327,"Oct 02, 2016",6.9e-07,7.6e-07,6.8e-07,7e-07,18,150667
328,"Oct 01, 2016",6.8e-07,7.7e-07,6.5e-07,6.9e-07,20,148402
329,"Sep 30, 2016",7.1e-07,7.4e-07,6.4e-07,6.8e-07,125,154957
330,"Sep 29, 2016",9.3e-07,1e-06,7e-07,7.1e-07,21,201162
331,"Sep 28, 2016",7.3e-07,2e-06,7e-07,9.3e-07,51,157648
332,"Sep 27, 2016",7.2e-07,7.3e-07,4.3e-07,7.3e-07,358,156841
333,"Sep 26, 2016",6.9e-07,7.5e-07,6.9e-07,7.2e-07,39,149644
334,"Sep 25, 2016",2e-06,2e-06,6.6e-07,6.9e-07,116,440754
335,"Sep 24, 2016",8.4e-07,2e-06,7.1e-07,2e-06,50,182574
336,"Sep 23, 2016",7.5e-07,8.8e-07,6.9e-07,8.4e-07,63,162418
337,"Sep 22, 2016",7.5e-07,9.000000000000001e-07,7.5e-07,7.6e-07,33,163377
338,"Sep 21, 2016",9.7e-07,9.7e-07,7.3e-07,7.5e-07,26,209107
339,"Sep 20, 2016",1e-06,1e-06,8.8e-07,9.7e-07,47,216576
340,"Sep 19, 2016",2e-06,2e-06,1e-06,1e-06,51,330522
341,"Sep 18, 2016",9.000000000000001e-07,3e-06,9.000000000000001e-07,2e-06,127,194859
342,"Sep 17, 2016",9.2e-07,1e-06,8.7e-07,9.000000000000001e-07,39,198935
343,"Sep 16, 2016",9.2e-07,9.6e-07,8e-07,9.2e-07,54,198706
344,"Sep 15, 2016",2e-06,2e-06,9.2e-07,9.2e-07,63,362491
345,"Sep 14, 2016",3e-06,3e-06,1e-06,2e-06,114,691710
346,"Sep 13, 2016",8.8e-07,5e-06,8.7e-07,3e-06,442,190856
347,"Sep 12, 2016",1e-06,1e-06,8.5e-07,8.8e-07,34,216262
348,"Sep 11, 2016",1e-06,1e-06,8.5e-07,1e-06,425,308073
349,"Sep 10, 2016",9.9e-07,1e-06,9.5e-07,1e-06,110,214024
350,"Sep 09, 2016",1e-06,1e-06,9.6e-07,9.9e-07,88,217948
351,"Sep 08, 2016",1e-06,1e-06,9.9e-07,1e-06,35,224343
352,"Sep 07, 2016",1e-06,1e-06,9.8e-07,1e-06,30,237854
353,"Sep 06, 2016",1e-06,1e-06,9.5e-07,1e-06,31,237980
354,"Sep 05, 2016",2e-06,2e-06,1e-06,1e-06,34,369610
355,"Sep 04, 2016",1e-06,2e-06,1e-06,2e-06,44,279175
356,"Sep 03, 2016",1e-06,1e-06,1e-06,1e-06,41,290221
357,"Sep 02, 2016",1e-06,2e-06,9.4e-07,1e-06,267,277329
358,"Sep 01, 2016",1e-06,1e-06,8.8e-07,1e-06,43,223883
359,"Aug 31, 2016",2e-06,2e-06,1e-06,1e-06,88,354546
360,"Aug 30, 2016",1e-06,3e-06,1e-06,2e-06,20,231341
361,"Aug 29, 2016",2e-06,2e-06,1e-06,1e-06,67,387077
362,"Aug 28, 2016",1e-06,2e-06,1e-06,2e-06,145,290708
363,"Aug 27, 2016",9.6e-07,2e-06,9.2e-07,1e-06,93,208026
364,"Aug 26, 2016",8.4e-07,1e-06,8.3e-07,9.3e-07,170,180508
365,"Aug 25, 2016",8.8e-07,9.2e-07,8.1e-07,8.4e-07,17,190525
366,"Aug 24, 2016",9.3e-07,9.4e-07,8.3e-07,8.8e-07,54,199768
367,"Aug 23, 2016",8.7e-07,9.5e-07,8.3e-07,9.3e-07,25,187893
368,"Aug 22, 2016",9.6e-07,9.7e-07,8.5e-07,8.7e-07,23,207692
369,"Aug 21, 2016",8.6e-07,1e-06,8.6e-07,1e-06,45,186629
370,"Aug 20, 2016",8.6e-07,9.1e-07,8.6e-07,8.6e-07,20,186540
371,"Aug 19, 2016",9.000000000000001e-07,1e-06,8.6e-07,8.7e-07,52,194570
372,"Aug 18, 2016",8.3e-07,1e-06,8.3e-07,9.000000000000001e-07,69,179337
373,"Aug 17, 2016",8.7e-07,1e-06,8.3e-07,8.3e-07,69,188041
374,"Aug 16, 2016",8.2e-07,1e-06,8.2e-07,8.7e-07,67,177756
375,"Aug 15, 2016",8.3e-07,9.9e-07,8e-07,8.2e-07,59,179181
376,"Aug 14, 2016",8.4e-07,8.8e-07,7.9e-07,8.3e-07,21,180382
377,"Aug 13, 2016",8.4e-07,1e-06,8.1e-07,8.4e-07,66,180355
378,"Aug 12, 2016",8.1e-07,9.6e-07,8e-07,8.4e-07,41,174025
379,"Aug 11, 2016",8.1e-07,9.1e-07,8.1e-07,8.2e-07,24,174961
380,"Aug 10, 2016",8.1e-07,8.4e-07,8e-07,8.1e-07,19,173974
381,"Aug 09, 2016",8.1e-07,8.7e-07,7.9e-07,8.1e-07,21,173585
382,"Aug 08, 2016",9.5e-07,9.9e-07,7.9e-07,7.9e-07,21,204471
383,"Aug 07, 2016",9.2e-07,1e-06,8.7e-07,9.5e-07,83,199153
384,"Aug 06, 2016",8.8e-07,9.4e-07,8.7e-07,9.2e-07,29,190271
385,"Aug 05, 2016",8.5e-07,9.2e-07,8.5e-07,8.9e-07,16,184112
386,"Aug 04, 2016",8.5e-07,8.8e-07,8.4e-07,8.5e-07,38,183499
387,"Aug 03, 2016",1e-06,1e-06,8.5e-07,8.5e-07,33,255072
388,"Aug 02, 2016",1e-06,2e-06,1e-06,1e-06,46,291698
389,"Aug 01, 2016",9.2e-07,1e-06,9.000000000000001e-07,1e-06,27,197320
390,"Jul 31, 2016",9.6e-07,9.8e-07,9.2e-07,9.2e-07,26,207245
391,"Jul 30, 2016",4e-06,4e-06,9.5e-07,9.6e-07,24,823840
392,"Jul 29, 2016",5e-06,5e-06,4e-06,4e-06,80,975255
393,"Jul 28, 2016",9.5e-07,5e-06,9.4e-07,5e-06,65,204218
394,"Jul 27, 2016",9.7e-07,9.9e-07,9.3e-07,9.5e-07,26,207992
395,"Jul 26, 2016",2e-06,2e-06,9.6e-07,9.7e-07,28,419263
396,"Jul 25, 2016",3e-06,4e-06,1e-06,2e-06,38,747002
397,"Jul 24, 2016",1e-06,4e-06,1e-06,3e-06,148,245708
398,"Jul 23, 2016",1e-06,1e-06,1e-06,1e-06,88,239228
399,"Jul 22, 2016",2e-06,2e-06,1e-06,1e-06,49,335414
400,"Jul 21, 2016",1e-06,2e-06,1e-06,2e-06,42,247140
401,"Jul 20, 2016",1e-06,1e-06,1e-06,1e-06,40,243977
402,"Jul 19, 2016",1e-06,1e-06,1e-06,1e-06,44,242478
403,"Jul 18, 2016",1e-06,2e-06,1e-06,1e-06,67,244425
404,"Jul 17, 2016",1e-06,2e-06,1e-06,1e-06,61,247187
405,"Jul 16, 2016",1e-06,2e-06,1e-06,1e-06,63,254014
406,"Jul 15, 2016",1e-06,1e-06,1e-06,1e-06,33,266697
407,"Jul 14, 2016",1e-06,2e-06,1e-06,1e-06,48,271380
408,"Jul 13, 2016",1e-06,2e-06,1e-06,1e-06,106,277112
409,"Jul 12, 2016",3e-06,4e-06,1e-06,1e-06,99,549133
410,"Jul 11, 2016",3e-06,5e-06,3e-06,3e-06,65,748966
411,"Jul 10, 2016",3e-06,4e-06,2e-06,3e-06,158,711979
412,"Jul 09, 2016",1e-06,4e-06,1e-06,3e-06,102,286261
413,"Jul 08, 2016",2e-06,2e-06,1e-06,1e-06,125,376606
414,"Jul 07, 2016",1e-06,3e-06,1e-06,2e-06,107,278697
415,"Jul 06, 2016",3e-06,4e-06,1e-06,1e-06,65,707473
416,"Jul 05, 2016",4e-06,5e-06,3e-06,3e-06,195,919208
417,"Jul 04, 2016",2e-06,5e-06,2e-06,4e-06,232,423555
418,"Jul 03, 2016",9.4e-07,4e-06,8.5e-07,2e-06,266,200464
419,"Jul 02, 2016",9.2e-07,9.6e-07,8.8e-07,9.3e-07,14,198239
420,"Jul 01, 2016",9.1e-07,1e-06,8.9e-07,9.2e-07,25,195407
421,"Jun 30, 2016",1e-06,1e-06,8.7e-07,9.1e-07,51,298820
422,"Jun 29, 2016",8.5e-07,1e-06,7.6e-07,1e-06,47,181439
423,"Jun 28, 2016",7.4e-07,9.7e-07,6.8e-07,8.4e-07,123,158048
424,"Jun 27, 2016",8.8e-07,9.000000000000001e-07,6.1e-07,7.3e-07,74,188750
425,"Jun 26, 2016",7.8e-07,1e-06,7.5e-07,9.9e-07,26,167624
426,"Jun 25, 2016",8.7e-07,1e-06,7.5e-07,7.8e-07,70,186195
427,"Jun 24, 2016",1e-06,2e-06,7.9e-07,8.7e-07,61,316900
428,"Jun 23, 2016",9.4e-07,1e-06,8.5e-07,1e-06,132,200271
429,"Jun 22, 2016",1e-06,2e-06,8.5e-07,9.2e-07,297,226154
430,"Jun 21, 2016",8.7e-07,2e-06,8.1e-07,1e-06,83,186200
431,"Jun 20, 2016",1e-06,2e-06,8.7e-07,8.7e-07,71,315956
432,"Jun 19, 2016",1e-06,1e-06,1e-06,1e-06,33,277668
433,"Jun 18, 2016",1e-06,2e-06,9.9e-07,1e-06,59,294115
434,"Jun 17, 2016",2e-06,2e-06,9.5e-07,1e-06,333,352269
435,"Jun 16, 2016",1e-06,2e-06,1e-06,2e-06,61,237230
436,"Jun 15, 2016",2e-06,2e-06,9.7e-07,1e-06,68,359787
437,"Jun 14, 2016",9.3e-07,2e-06,9.000000000000001e-07,2e-06,43,198443
438,"Jun 13, 2016",8.6e-07,1e-06,8.6e-07,9.2e-07,43,183880
439,"Jun 12, 2016",1e-06,1e-06,8.6e-07,8.6e-07,153,216819
440,"Jun 11, 2016",9.6e-07,1e-06,9.4e-07,1e-06,41,205349
441,"Jun 10, 2016",1e-06,1e-06,9.5e-07,9.6e-07,79,243290
442,"Jun 09, 2016",1e-06,1e-06,1e-06,1e-06,74,218701
443,"Jun 08, 2016",2e-06,2e-06,9.7e-07,1e-06,30,363497
444,"Jun 07, 2016",9.5e-07,2e-06,9.000000000000001e-07,2e-06,90,203631
445,"Jun 06, 2016",1e-06,1e-06,7.9e-07,9.8e-07,559,269234
446,"Jun 05, 2016",1e-06,2e-06,1e-06,1e-06,45,270596
447,"Jun 04, 2016",1e-06,1e-06,1e-06,1e-06,51,269968
448,"Jun 03, 2016",1e-06,1e-06,1e-06,1e-06,82,279036
449,"Jun 02, 2016",1e-06,1e-06,1e-06,1e-06,81,263854
450,"Jun 01, 2016",1e-06,1e-06,1e-06,1e-06,79,259442
451,"May 31, 2016",1e-06,1e-06,1e-06,1e-06,78,305241
452,"May 30, 2016",1e-06,2e-06,1e-06,1e-06,73,258315
453,"May 29, 2016",1e-06,2e-06,1e-06,1e-06,453,257103
454,"May 28, 2016",1e-06,2e-06,1e-06,1e-06,66,283839
455,"May 27, 2016",2e-06,2e-06,1e-06,1e-06,76,326382
456,"May 26, 2016",1e-06,2e-06,1e-06,2e-06,106,242989
457,"May 25, 2016",1e-06,1e-06,9.9e-07,1e-06,179,239984
458,"May 24, 2016",1e-06,1e-06,1e-06,1e-06,35,263373
459,"May 23, 2016",1e-06,1e-06,1e-06,1e-06,34,249556
460,"May 22, 2016",1e-06,2e-06,1e-06,1e-06,30,265492
461,"May 21, 2016",1e-06,2e-06,1e-06,1e-06,102,275578
462,"May 20, 2016",1e-06,2e-06,1e-06,1e-06,67,224074
463,"May 19, 2016",1e-06,1e-06,1e-06,1e-06,40,239953
464,"May 18, 2016",1e-06,2e-06,9.7e-07,1e-06,58,240737
465,"May 17, 2016",3e-06,3e-06,8.5e-07,1e-06,172,596958
466,"May 16, 2016",2e-06,3e-06,1e-06,3e-06,60,323029
467,"May 15, 2016",1e-06,2e-06,9.9e-07,2e-06,194,311201
468,"May 14, 2016",2e-06,2e-06,1e-06,1e-06,59,448299
469,"May 13, 2016",2e-06,2e-06,1e-06,2e-06,162,319754
470,"May 12, 2016",3e-06,3e-06,1e-06,2e-06,106,595886
471,"May 11, 2016",1e-06,3e-06,1e-06,3e-06,73,239510
472,"May 10, 2016",1e-06,3e-06,1e-06,1e-06,41,244934
473,"May 09, 2016",1e-06,3e-06,1e-06,1e-06,108,293058
474,"May 08, 2016",1e-06,2e-06,1e-06,1e-06,80,257196
475,"May 07, 2016",1e-06,2e-06,1e-06,1e-06,51,277534
476,"May 06, 2016",1e-06,2e-06,1e-06,1e-06,153,268696
477,"May 05, 2016",2e-06,2e-06,1e-06,1e-06,51,356716
478,"May 04, 2016",2e-06,3e-06,2e-06,2e-06,67,508888
479,"May 03, 2016",1e-06,2e-06,1e-06,2e-06,68,315096
480,"May 02, 2016",2e-06,2e-06,9.1e-07,1e-06,102,341066
481,"May 01, 2016",2e-06,2e-06,7.7e-07,2e-06,260,342046
482,"Apr 30, 2016",2e-06,3e-06,2e-06,2e-06,145,470602
483,"Apr 29, 2016",2e-06,3e-06,2e-06,2e-06,154,487554
484,"Apr 28, 2016",2e-06,3e-06,2e-06,2e-06,222,390942
485,"Apr 27, 2016",2e-06,3e-06,2e-06,2e-06,143,435273
486,"Apr 26, 2016",2e-06,3e-06,2e-06,2e-06,96,487035
487,"Apr 25, 2016",2e-06,3e-06,2e-06,2e-06,272,430037
488,"Apr 24, 2016",2e-06,3e-06,2e-06,2e-06,135,423768
489,"Apr 23, 2016",2e-06,3e-06,2e-06,2e-06,161,462119
490,"Apr 22, 2016",4e-06,4e-06,2e-06,2e-06,26,747100
491,"Apr 21, 2016",3e-06,4e-06,2e-06,4e-06,36,707110
492,"Apr 20, 2016",2e-06,3e-06,2e-06,3e-06,67,374525
493,"Apr 19, 2016",3e-06,3e-06,1e-06,2e-06,77,600111
494,"Apr 18, 2016",3e-06,3e-06,2e-06,3e-06,93,583768
495,"Apr 17, 2016",3e-06,3e-06,2e-06,3e-06,199,600698
496,"Apr 16, 2016",4e-06,4e-06,3e-06,3e-06,95,928662
497,"Apr 15, 2016",3e-06,5e-06,3e-06,4e-06,281,680792
498,"Apr 14, 2016",4e-06,5e-06,3e-06,3e-06,251,797508
499,"Apr 13, 2016",4e-06,5e-06,3e-06,4e-06,301,918666
500,"Apr 12, 2016",4e-06,5e-06,4e-06,4e-06,264,804307
501,"Apr 11, 2016",4e-06,4e-06,3e-06,4e-06,1054,757908
502,"Apr 10, 2016",4e-06,4e-06,3e-06,4e-06,483,757273
503,"Apr 09, 2016",4e-06,4e-06,3e-06,4e-06,341,863096
504,"Apr 08, 2016",2e-06,4e-06,2e-06,4e-06,4768,357112
505,"Apr 07, 2016",3e-06,3e-06,2e-06,2e-06,410,591099
506,"Apr 06, 2016",9.7e-07,4e-06,9.7e-07,3e-06,877,206570
507,"Apr 05, 2016",8.4e-07,1e-06,8.1e-07,9.7e-07,388,178734
508,"Apr 04, 2016",7.2e-07,8.8e-07,7.2e-07,8.4e-07,158,152078
509,"Apr 03, 2016",7.2e-07,8.8e-07,7.1e-07,7.2e-07,78,151946
510,"Apr 02, 2016",6.8e-07,9.4e-07,6.8e-07,7.2e-07,114,144335
511,"Apr 01, 2016",6.1e-07,7.8e-07,5.9e-07,6.8e-07,455,130199
512,"Mar 31, 2016",6.7e-07,7.7e-07,6e-07,6.2e-07,146,140913
513,"Mar 30, 2016",8.2e-07,8.3e-07,6.6e-07,6.6e-07,108,173795
514,"Mar 29, 2016",8.5e-07,8.5e-07,7.4e-07,8.2e-07,37,179361
515,"Mar 28, 2016",7.6e-07,1e-06,7.5e-07,8.5e-07,286,160951
516,"Mar 27, 2016",8.7e-07,9.000000000000001e-07,7.6e-07,7.6e-07,83,184884
517,"Mar 26, 2016",9.3e-07,9.3e-07,8e-07,8.7e-07,123,197031
518,"Mar 25, 2016",7.4e-07,9.3e-07,6.8e-07,9.3e-07,147,156751
519,"Mar 24, 2016",7.8e-07,8e-07,7.1e-07,7.4e-07,20,164356
520,"Mar 23, 2016",7e-07,8.4e-07,6.5e-07,7.8e-07,131,148216
521,"Mar 22, 2016",6.8e-07,7.8e-07,6.5e-07,7e-07,22,144589
522,"Mar 21, 2016",7.4e-07,8e-07,6.6e-07,6.8e-07,55,157328
523,"Mar 20, 2016",7.3e-07,7.8e-07,7.3e-07,7.4e-07,14,154518
524,"Mar 19, 2016",7e-07,8.3e-07,7e-07,7.3e-07,50,147349
525,"Mar 18, 2016",8.7e-07,8.9e-07,6.7e-07,7e-07,323,184427
526,"Mar 17, 2016",8.3e-07,8.9e-07,7.1e-07,8.7e-07,401,174463
527,"Mar 16, 2016",6.8e-07,8.6e-07,5.8e-07,8.2e-07,340,144748
528,"Mar 15, 2016",7.1e-07,8.8e-07,5.8e-07,7.4e-07,667,149795
529,"Mar 14, 2016",6e-07,7.3e-07,6e-07,7.1e-07,112,126786
530,"Mar 13, 2016",6.2e-07,6.6e-07,5.9e-07,6e-07,43,131737
531,"Mar 12, 2016",6e-07,6.6e-07,5.6e-07,6.2e-07,79,127475
532,"Mar 11, 2016",5.8e-07,6.4e-07,5.8e-07,6e-07,31,122039
533,"Mar 10, 2016",5.8e-07,6.2e-07,5.5e-07,5.8e-07,23,122175
534,"Mar 09, 2016",6.2e-07,6.3e-07,4.6e-07,5.8e-07,261,130536
535,"Mar 08, 2016",5.7e-07,6.2e-07,5.2e-07,6.2e-07,47,119617
536,"Mar 07, 2016",5.5e-07,6.2e-07,4.8e-07,5.7e-07,42,116844
537,"Mar 06, 2016",5.1e-07,7.6e-07,4.8e-07,5.5e-07,443,107810
538,"Mar 05, 2016",5.5e-07,6e-07,4.5e-07,5.1e-07,141,115800
539,"Mar 04, 2016",5.3e-07,6.2e-07,5e-07,5.5e-07,90,112113
540,"Mar 03, 2016",4.4e-07,6e-07,4.2e-07,5.3e-07,146,92258
541,"Mar 02, 2016",4.7e-07,5e-07,4.4e-07,4.4e-07,11,100165
542,"Mar 01, 2016",4.8e-07,5.3e-07,4.3e-07,4.8e-07,22,101743
543,"Feb 29, 2016",4.8e-07,5.2e-07,4.8e-07,4.8e-07,12,101059
544,"Feb 28, 2016",5.1e-07,5.5e-07,4.7e-07,4.8e-07,13,107909
545,"Feb 27, 2016",4.8e-07,5.5e-07,4.7e-07,5.1e-07,24,100719
546,"Feb 26, 2016",5e-07,5.4e-07,4.7e-07,4.8e-07,15,105973
547,"Feb 25, 2016",4.9e-07,5e-07,4.2e-07,5e-07,26,103335
548,"Feb 24, 2016",3.8e-07,4.9e-07,3.8e-07,4.9e-07,38,79665
549,"Feb 23, 2016",4e-07,4.6e-07,3.6e-07,3.8e-07,18,84933
550,"Feb 22, 2016",4.4e-07,4.8e-07,3.6e-07,4e-07,4,92183
551,"Feb 21, 2016",4.5e-07,5e-07,3.3e-07,4.4e-07,21,94645
552,"Feb 20, 2016",4.3e-07,4.7e-07,3.8e-07,4.5e-07,427,89809
553,"Feb 19, 2016",5.2e-07,5.2e-07,3.9e-07,4.3e-07,222,109136
554,"Feb 18, 2016",4.2e-07,5.5e-07,3.9e-07,5.2e-07,414,88797
555,"Feb 17, 2016",4.8e-07,5.2e-07,4.2e-07,4.2e-07,81,101686
556,"Feb 16, 2016",4.1e-07,4.8e-07,3.7e-07,4.8e-07,15,86879
557,"Feb 15, 2016",3.6e-07,4.7e-07,3.5e-07,4.1e-07,176,74799
558,"Feb 14, 2016",3.9e-07,5.1e-07,3.5e-07,3.5e-07,505,81158
559,"Feb 13, 2016",2.8e-07,4.7e-07,2.8e-07,3.8e-07,381,58928
560,"Feb 12, 2016",2.5e-07,3.1e-07,2.3e-07,2.8e-07,56,52607
561,"Feb 11, 2016",2.8e-07,2.8e-07,2.2e-07,2.5e-07,57,58993
562,"Feb 10, 2016",3.1e-07,3.1e-07,2.8e-07,2.8e-07,11,64808
563,"Feb 09, 2016",2.7e-07,3.7e-07,2.7e-07,3.1e-07,188,57348
564,"Feb 08, 2016",2.5e-07,3.1e-07,2.5e-07,2.7e-07,24,51895
565,"Feb 07, 2016",2.7e-07,2.9e-07,2.2e-07,2.5e-07,67,57541
566,"Feb 06, 2016",2.8e-07,3.2e-07,2.7e-07,2.7e-07,16,59491
567,"Feb 05, 2016",2.8e-07,3.1e-07,2.8e-07,2.8e-07,8,59116
568,"Feb 04, 2016",2.4e-07,2.8e-07,2.4e-07,2.8e-07,10,50708
569,"Feb 03, 2016",2.4e-07,2.7e-07,2.4e-07,2.4e-07,10,51339
570,"Feb 02, 2016",2.8e-07,2.8e-07,2.4e-07,2.4e-07,15,58186
571,"Feb 01, 2016",2.5e-07,3.1e-07,2.5e-07,2.8e-07,24,52724
572,"Jan 31, 2016",2.6e-07,3.5e-07,2.1e-07,2.5e-07,95,54835
573,"Jan 30, 2016",3.8e-07,3.9e-07,2.6e-07,2.6e-07,147,79039
574,"Jan 29, 2016",3.7e-07,3.9e-07,3.1e-07,3.6e-07,79,77332
575,"Jan 28, 2016",4e-07,4.1e-07,3.5e-07,3.7e-07,72,84601
576,"Jan 27, 2016",2.9e-07,4.3e-07,2.9e-07,4e-07,365,61681
577,"Jan 26, 2016",3.1e-07,3.4e-07,2.5e-07,2.9e-07,49,65296
578,"Jan 25, 2016",2.9e-07,3.4e-07,2.8e-07,3.1e-07,21,60339
579,"Jan 24, 2016",2.9e-07,3.1e-07,2.9e-07,2.9e-07,13,60904
580,"Jan 23, 2016",2.8e-07,3.1e-07,2.8e-07,2.9e-07,25,58243
581,"Jan 22, 2016",3.3e-07,3.3e-07,2.8e-07,2.8e-07,17,69259
582,"Jan 21, 2016",3e-07,3.3e-07,2.8e-07,3.3e-07,19,63455
583,"Jan 20, 2016",3.3e-07,3.6e-07,2.8e-07,3e-07,83,69410
584,"Jan 19, 2016",3.5e-07,3.6e-07,3.2e-07,3.3e-07,17,72876
585,"Jan 18, 2016",3.6e-07,3.9e-07,3.2e-07,3.5e-07,31,76187
586,"Jan 17, 2016",3.1e-07,4e-07,3e-07,3.6e-07,60,64306
587,"Jan 16, 2016",3.3e-07,3.4e-07,2.9e-07,3.1e-07,21,68711
588,"Jan 15, 2016",3.4e-07,3.9e-07,3.1e-07,3.3e-07,19,72149
589,"Jan 14, 2016",3.5e-07,3.8e-07,3.4e-07,3.4e-07,10,72826
590,"Jan 13, 2016",2.8e-07,3.8e-07,2.8e-07,3.5e-07,39,57992
591,"Jan 12, 2016",2.8e-07,3.2e-07,2.7e-07,2.8e-07,19,59586
592,"Jan 11, 2016",2.8e-07,3.5e-07,2.8e-07,2.8e-07,36,59171
593,"Jan 10, 2016",3.2e-07,3.2e-07,2.8e-07,2.8e-07,65,67154
594,"Jan 09, 2016",3.1e-07,3.8e-07,3.1e-07,3.2e-07,38,64850
595,"Jan 08, 2016",3.2e-07,3.6e-07,2.8e-07,3.1e-07,17,66555
596,"Jan 07, 2016",3.1e-07,3.6e-07,2.8e-07,3.2e-07,49,64115
597,"Jan 06, 2016",3.5e-07,3.5e-07,3e-07,3.3e-07,10,72622
598,"Jan 05, 2016",4.3e-07,4.8e-07,3.1e-07,3.1e-07,89,89914
599,"Jan 04, 2016",4.6e-07,4.6e-07,4e-07,4e-07,523,96698
600,"Jan 03, 2016",3.8e-07,4.7e-07,3.8e-07,4.6e-07,1101,79498
601,"Jan 02, 2016",4e-07,4.3e-07,3.8e-07,3.8e-07,248,83208
602,"Jan 01, 2016",4.4e-07,4.5e-07,3.7e-07,4e-07,258,91486
603,"Dec 31, 2015",4.4e-07,4.7e-07,4.2e-07,4.4e-07,316,92944
604,"Dec 30, 2015",4e-07,4.5e-07,3.9e-07,4.2e-07,532,83968
605,"Dec 29, 2015",4.1e-07,4.4e-07,3.7e-07,4e-07,126,85222
606,"Dec 28, 2015",4.2e-07,4.2e-07,3.7e-07,4.1e-07,501,87219
607,"Dec 27, 2015",4.4e-07,4.5e-07,4.1e-07,4.1e-07,1109,92130
608,"Dec 26, 2015",4.3e-07,5.2e-07,4e-07,4.4e-07,3533,90421
609,"Dec 25, 2015",4.1e-07,5e-07,4.1e-07,4.3e-07,545,85559
610,"Dec 24, 2015",4.3e-07,5.2e-07,4.1e-07,4.6e-07,1200,89425
611,"Dec 23, 2015",4.3e-07,5.6e-07,4.2e-07,4.3e-07,2213,90739
612,"Dec 22, 2015",3.4e-07,4.5e-07,3.3e-07,4.3e-07,1648,71513
613,"Dec 21, 2015",2.8e-07,4.5e-07,2.7e-07,3.4e-07,3980,58411
614,"Dec 20, 2015",2.6e-07,3.3e-07,2.6e-07,2.8e-07,354,54380
615,"Dec 19, 2015",2.6e-07,2.9e-07,2.6e-07,2.6e-07,48,54917
616,"Dec 18, 2015",2.6e-07,3e-07,2.2e-07,3e-07,681,54701
617,"Dec 17, 2015",2.9e-07,3e-07,2.6e-07,2.6e-07,905,60117
618,"Dec 16, 2015",3e-07,3.3e-07,2.9e-07,2.9e-07,215,62525
619,"Dec 15, 2015",3.6e-07,3.8e-07,2.9e-07,3e-07,428,75087
620,"Dec 14, 2015",3.3e-07,3.6e-07,2.9e-07,3.6e-07,272,68482
621,"Dec 13, 2015",2.9e-07,3.6e-07,2.9e-07,3.3e-07,52,60967
622,"Dec 12, 2015",3.4e-07,3.6e-07,2.8e-07,2.9e-07,8,71957
623,"Dec 11, 2015",3.3e-07,3.8e-07,2.9e-07,3.4e-07,520,68631
624,"Dec 10, 2015",3.3e-07,3.6e-07,3.2e-07,3.3e-07,510,68699
625,"Dec 09, 2015",3.7e-07,4e-07,3.3e-07,3.3e-07,202,76278
626,"Dec 08, 2015",3.6e-07,3.9e-07,3.2e-07,3.7e-07,360,75183
627,"Dec 07, 2015",3.1e-07,4e-07,3.1e-07,3.6e-07,52,64779
628,"Dec 06, 2015",3.2e-07,3.8e-07,3.1e-07,3.1e-07,279,66106
629,"Dec 05, 2015",3e-07,3.5e-07,3e-07,3.2e-07,15,63235
630,"Dec 04, 2015",3e-07,3.4e-07,3e-07,3.3e-07,179,63525
631,"Dec 03, 2015",3e-07,3.4e-07,2.7e-07,3e-07,226,63402
632,"Dec 02, 2015",3.1e-07,3.6e-07,3e-07,3e-07,89,64862
633,"Dec 01, 2015",3.3e-07,3.4e-07,2.7e-07,3.1e-07,28,67829
634,"Nov 30, 2015",3.2e-07,3.3e-07,2.9e-07,3.3e-07,82,67158
635,"Nov 29, 2015",2.9e-07,3.2e-07,2.9e-07,3.2e-07,14,60513
636,"Nov 28, 2015",3.2e-07,3.6e-07,2.4e-07,2.9e-07,10,66921
637,"Nov 27, 2015",3.2e-07,3.6e-07,2.8e-07,3.2e-07,483,67417
638,"Nov 26, 2015",3.3e-07,3.6e-07,3e-07,3.2e-07,197,69328
639,"Nov 25, 2015",2.8e-07,3.3e-07,2.8e-07,3.3e-07,59,58286
640,"Nov 24, 2015",3.2e-07,3.4e-07,2.8e-07,2.8e-07,27,66687
641,"Nov 23, 2015",2.8e-07,3.3e-07,2.8e-07,3.2e-07,15,58740
642,"Nov 22, 2015",2.8e-07,3e-07,2.8e-07,2.8e-07,3,59181
643,"Nov 21, 2015",2.8e-07,3.2e-07,2.8e-07,2.8e-07,119,58370
644,"Nov 20, 2015",3.1e-07,3.1e-07,2.8e-07,2.8e-07,266,64945
645,"Nov 19, 2015",3.2e-07,3.2e-07,3.1e-07,3.1e-07,198,66249
646,"Nov 18, 2015",3.2e-07,3.5e-07,2.9e-07,3.2e-07,392,66504
647,"Nov 17, 2015",3.1e-07,3.2e-07,2.7e-07,3.2e-07,246,64303
648,"Nov 16, 2015",3.1e-07,3.4e-07,2.7e-07,3.1e-07,92,63505
649,"Nov 15, 2015",2.9e-07,3.2e-07,2.7e-07,3e-07,233,59780
650,"Nov 14, 2015",2.9e-07,3.2e-07,2.8e-07,2.9e-07,125,60322
651,"Nov 13, 2015",3e-07,3.5e-07,2.6e-07,2.9e-07,1645,62187
652,"Nov 12, 2015",3e-07,3.3e-07,2.7e-07,3e-07,32,62093
653,"Nov 11, 2015",3.1e-07,3.2e-07,2.7e-07,3e-07,287,64721
654,"Nov 10, 2015",3.4e-07,3.5e-07,3e-07,3.1e-07,132,70649
655,"Nov 09, 2015",3.1e-07,3.8e-07,2.9e-07,3.4e-07,334,63966
656,"Nov 08, 2015",3.6e-07,4e-07,3.1e-07,3.1e-07,114,74413
657,"Nov 07, 2015",3.5e-07,3.7e-07,3.5e-07,3.6e-07,144,73583
658,"Nov 06, 2015",3.6e-07,4e-07,3.1e-07,3.5e-07,193,73872
659,"Nov 05, 2015",4.2e-07,4.3e-07,3.5e-07,3.6e-07,49,87094
660,"Nov 04, 2015",4.2e-07,5.5e-07,4.1e-07,4.2e-07,533,86592
661,"Nov 03, 2015",4.2e-07,4.7e-07,3.8e-07,4.2e-07,511,86640
662,"Nov 02, 2015",4e-07,5e-07,3.9e-07,4.2e-07,518,82638
663,"Nov 01, 2015",3.8e-07,4.3e-07,3.8e-07,4e-07,120,78971
664,"Oct 31, 2015",4.5e-07,4.5e-07,3.8e-07,3.8e-07,606,92659
665,"Oct 30, 2015",4.1e-07,5e-07,3.8e-07,4.5e-07,554,86022
666,"Oct 29, 2015",3.7e-07,5.4e-07,3.4e-07,4.2e-07,1513,77151
667,"Oct 28, 2015",3.4e-07,4.3e-07,3.4e-07,3.7e-07,1229,70645
668,"Oct 27, 2015",3.4e-07,4e-07,3.1e-07,3.4e-07,782,70819
669,"Oct 26, 2015",3.4e-07,3.7e-07,3.1e-07,3.4e-07,739,69897
670,"Oct 25, 2015",3.1e-07,3.5e-07,3.1e-07,3.4e-07,91,64250
671,"Oct 24, 2015",3.1e-07,3.7e-07,3.1e-07,3.1e-07,178,64484
672,"Oct 23, 2015",3.4e-07,3.8e-07,3.1e-07,3.1e-07,31,71124
673,"Oct 22, 2015",3.4e-07,3.8e-07,3.1e-07,3.4e-07,282,70395
674,"Oct 21, 2015",3.1e-07,4.1e-07,3.1e-07,3.4e-07,336,65025
675,"Oct 20, 2015",3.4e-07,3.7e-07,3.1e-07,3.1e-07,784,69445
676,"Oct 19, 2015",3.3e-07,4e-07,3.3e-07,3.4e-07,364,68861
677,"Oct 18, 2015",3.7e-07,4.3e-07,3.3e-07,3.3e-07,972,76610
678,"Oct 17, 2015",3.7e-07,4.6e-07,3.7e-07,3.7e-07,236,77423
679,"Oct 16, 2015",4.1e-07,4.8e-07,3.7e-07,3.7e-07,452,83879
680,"Oct 15, 2015",4.4e-07,4.7e-07,3.7e-07,4e-07,895,91277
681,"Oct 14, 2015",4.8e-07,5e-07,4.4e-07,4.4e-07,1431,98713
682,"Oct 13, 2015",5e-07,5.1e-07,4.7e-07,4.8e-07,751,103875
683,"Oct 12, 2015",5.3e-07,5.4e-07,5e-07,5e-07,634,110623
684,"Oct 11, 2015",5e-07,5.7e-07,4.9e-07,5.3e-07,639,102870
685,"Oct 10, 2015",5.3e-07,5.3e-07,4.9e-07,5e-07,441,109457
686,"Oct 09, 2015",4.9e-07,5.6e-07,4.9e-07,5.3e-07,367,101561
687,"Oct 08, 2015",4.9e-07,5.8e-07,4.9e-07,4.9e-07,918,101284
688,"Oct 07, 2015",5.4e-07,5.6e-07,4.9e-07,4.9e-07,934,110671
689,"Oct 06, 2015",5.1e-07,5.8e-07,4.9e-07,5.4e-07,869,106165
690,"Oct 05, 2015",5.4e-07,6e-07,5.1e-07,5.1e-07,1734,112113
691,"Oct 04, 2015",6e-07,6e-07,5.4e-07,5.4e-07,3194,123034
692,"Oct 03, 2015",6e-07,6.3e-07,5.8e-07,5.9e-07,35,123917
693,"Oct 02, 2015",5.9e-07,6.3e-07,5.9e-07,6e-07,13,122727
694,"Oct 01, 2015",6e-07,6.2e-07,5.6e-07,5.9e-07,97,124516
695,"Sep 30, 2015",6.2e-07,6.3e-07,5.7e-07,6e-07,121,128656
696,"Sep 29, 2015",6.1e-07,6.4e-07,5.7e-07,6.2e-07,554,126872
697,"Sep 28, 2015",5.5e-07,6.3e-07,5.5e-07,6.1e-07,342,113055
698,"Sep 27, 2015",5.4e-07,5.8e-07,5.3e-07,5.5e-07,536,111278
699,"Sep 26, 2015",5.5e-07,5.7e-07,5.2e-07,5.4e-07,779,113374
700,"Sep 25, 2015",5.6e-07,6.2e-07,5.5e-07,5.5e-07,1154,115061
701,"Sep 24, 2015",5.5e-07,6.1e-07,5.5e-07,5.6e-07,361,112921
702,"Sep 23, 2015",5.7e-07,6e-07,5.4e-07,5.5e-07,326,116916
703,"Sep 22, 2015",5e-07,6e-07,5e-07,5.7e-07,727,103947
704,"Sep 21, 2015",5.1e-07,5.3e-07,5e-07,5e-07,211,105707
705,"Sep 20, 2015",5.2e-07,5.4e-07,5.1e-07,5.1e-07,309,106691
706,"Sep 19, 2015",5e-07,5.5e-07,4.9e-07,5.2e-07,899,103741
707,"Sep 18, 2015",4.9e-07,5.3e-07,4.9e-07,5e-07,90,102070
708,"Sep 17, 2015",4.8e-07,5.3e-07,4.8e-07,4.9e-07,353,98375
709,"Sep 16, 2015",4.8e-07,5e-07,4.7e-07,4.8e-07,486,98954
710,"Sep 15, 2015",4.8e-07,5.1e-07,4.8e-07,4.8e-07,65,99696
711,"Sep 14, 2015",4.8e-07,5.1e-07,4.8e-07,4.8e-07,407,98676
712,"Sep 13, 2015",4.8e-07,5e-07,4.7e-07,4.8e-07,594,98965
713,"Sep 12, 2015",5e-07,5.3e-07,4.8e-07,4.8e-07,263,103724
714,"Sep 11, 2015",5e-07,5.4e-07,4.9e-07,5e-07,432,103339
715,"Sep 10, 2015",5e-07,5.3e-07,4.9e-07,5e-07,23,102400
716,"Sep 09, 2015",5.5e-07,5.7e-07,4.9e-07,5e-07,89,112988
717,"Sep 08, 2015",5.2e-07,5.9e-07,5.2e-07,5.5e-07,1199,106691
718,"Sep 07, 2015",4.6e-07,5.6e-07,4.5e-07,5.2e-07,841,93769
719,"Sep 06, 2015",4.7e-07,5.2e-07,4.4e-07,4.6e-07,270,97660
720,"Sep 05, 2015",4.3e-07,4.9e-07,4.3e-07,4.7e-07,26,88972
721,"Sep 04, 2015",4.5e-07,4.9e-07,4.3e-07,4.3e-07,855,92403
722,"Sep 03, 2015",4.7e-07,5e-07,4.4e-07,4.5e-07,26,97693
723,"Sep 02, 2015",4.8e-07,5.1e-07,4.7e-07,4.7e-07,43,98657
724,"Sep 01, 2015",4.6e-07,4.9e-07,4.5e-07,4.8e-07,638,93792
725,"Aug 31, 2015",4.9e-07,5.1e-07,4.5e-07,4.6e-07,83,99845
726,"Aug 30, 2015",4.9e-07,5.5e-07,4.7e-07,4.8e-07,558,100262
727,"Aug 29, 2015",5e-07,5.5e-07,4.5e-07,4.9e-07,1195,101920
728,"Aug 28, 2015",4.5e-07,5.2e-07,4.3e-07,4.9e-07,1072,93437
729,"Aug 27, 2015",4.4e-07,5e-07,4.4e-07,4.6e-07,654,90675
730,"Aug 26, 2015",4.1e-07,4.7e-07,4e-07,4.4e-07,261,84895
731,"Aug 25, 2015",4.4e-07,4.6e-07,3.2e-07,4.1e-07,1557,90993
732,"Aug 24, 2015",4.5e-07,4.7e-07,4.1e-07,4.4e-07,131,92804
733,"Aug 23, 2015",4.6e-07,5e-07,4.4e-07,4.5e-07,11,93914
734,"Aug 22, 2015",3.6e-07,5.3e-07,3.5e-07,4.6e-07,2181,73304
735,"Aug 21, 2015",4e-07,4.4e-07,3.6e-07,3.6e-07,309,81386
736,"Aug 20, 2015",4.2e-07,4.6e-07,3.9e-07,4e-07,352,85934
737,"Aug 19, 2015",4.5e-07,4.9e-07,3.9e-07,4.2e-07,594,92906
738,"Aug 18, 2015",5.2e-07,5.2e-07,4.5e-07,4.5e-07,113,106614
739,"Aug 17, 2015",5.5e-07,5.7e-07,4.7e-07,5.2e-07,620,113910
740,"Aug 16, 2015",5.2e-07,5.9e-07,5.2e-07,5.5e-07,175,107691
741,"Aug 15, 2015",5.6e-07,6.1e-07,5.1e-07,5.2e-07,130,115651
742,"Aug 14, 2015",6.6e-07,7.2e-07,5.2e-07,5.6e-07,6152,135389
743,"Aug 13, 2015",6.8e-07,7.1e-07,6.2e-07,6.6e-07,786,139852
744,"Aug 12, 2015",7.5e-07,7.8e-07,6.4e-07,6.8e-07,704,152963
745,"Aug 11, 2015",8.1e-07,8.1e-07,6.8e-07,7.1e-07,1067,166364
746,"Aug 10, 2015",6.7e-07,8.1e-07,6.6e-07,8.1e-07,68,137497
747,"Aug 09, 2015",7.9e-07,8.4e-07,6.6e-07,6.7e-07,63,161097
748,"Aug 08, 2015",7.6e-07,9.000000000000001e-07,6.7e-07,7.9e-07,208,155994
749,"Aug 07, 2015",7e-07,8.5e-07,6.9e-07,7.6e-07,353,143504
750,"Aug 06, 2015",7.4e-07,7.8e-07,6.9e-07,7e-07,426,151802
751,"Aug 05, 2015",8.7e-07,8.9e-07,7.4e-07,7.4e-07,4295,179337
752,"Aug 04, 2015",7.5e-07,9.2e-07,7.5e-07,8.8e-07,2283,154450
753,"Aug 03, 2015",7.6e-07,8.2e-07,7e-07,7.5e-07,264,155231
754,"Aug 02, 2015",7.4e-07,7.9e-07,7e-07,7.6e-07,42,150774
755,"Aug 01, 2015",8.4e-07,8.4e-07,6.9e-07,7.5e-07,1100,171323
756,"Jul 31, 2015",7.3e-07,8.7e-07,7.2e-07,8.4e-07,4556,150282
757,"Jul 30, 2015",8.2e-07,8.3e-07,7.3e-07,7.3e-07,1764,167852
758,"Jul 29, 2015",8.7e-07,9.000000000000001e-07,7.7e-07,8.2e-07,206,178260
759,"Jul 28, 2015",8e-07,9.1e-07,7.9e-07,8.7e-07,229,162821
760,"Jul 27, 2015",8.1e-07,8.5e-07,7.8e-07,8e-07,282,165645
761,"Jul 26, 2015",7.9e-07,8.4e-07,7.6e-07,8.1e-07,68,161351
762,"Jul 25, 2015",7.8e-07,8.7e-07,7.7e-07,7.9e-07,1210,160322
763,"Jul 24, 2015",6.9e-07,8.5e-07,6.8e-07,7.8e-07,1004,140541
764,"Jul 23, 2015",7.3e-07,7.3e-07,6.8e-07,6.9e-07,94,148764
765,"Jul 22, 2015",9.000000000000001e-07,9.000000000000001e-07,6.5e-07,7.3e-07,181,183496
766,"Jul 21, 2015",7.1e-07,9.000000000000001e-07,6.9e-07,9.000000000000001e-07,417,145022
767,"Jul 20, 2015",6.4e-07,7.6e-07,6.4e-07,7.1e-07,1839,131287
768,"Jul 19, 2015",8e-07,8.3e-07,6.3e-07,6.4e-07,687,163783
769,"Jul 18, 2015",8.4e-07,9.1e-07,6.3e-07,8e-07,8121,171171
770,"Jul 17, 2015",7.8e-07,9.1e-07,7.1e-07,8.4e-07,313,159149
771,"Jul 16, 2015",8.3e-07,8.4e-07,6.7e-07,7.7e-07,1373,169509
772,"Jul 15, 2015",7.9e-07,9.6e-07,7.8e-07,8.3e-07,2464,161483
773,"Jul 14, 2015",8e-07,8.8e-07,7.6e-07,7.9e-07,1278,163191
774,"Jul 13, 2015",9.1e-07,9.1e-07,7.2e-07,8e-07,744,185080
775,"Jul 12, 2015",8.3e-07,1e-06,8.3e-07,9.000000000000001e-07,830,170361
776,"Jul 11, 2015",8.1e-07,9.1e-07,7.4e-07,8.3e-07,3139,165328
777,"Jul 10, 2015",1e-06,1e-06,6.8e-07,8.2e-07,7514,216101
778,"Jul 09, 2015",1e-06,1e-06,9.6e-07,1e-06,3217,207790
779,"Jul 08, 2015",1e-06,1e-06,9.3e-07,1e-06,4239,214252
780,"Jul 07, 2015",1e-06,1e-06,9.3e-07,1e-06,895,210145
781,"Jul 06, 2015",1e-06,1e-06,8.8e-07,9.7e-07,4591,211914
782,"Jul 05, 2015",9.5e-07,1e-06,9.000000000000001e-07,1e-06,1279,193187
783,"Jul 04, 2015",9.5e-07,9.8e-07,8.9e-07,9.4e-07,149,193253
784,"Jul 03, 2015",9.7e-07,1e-06,9.000000000000001e-07,9.5e-07,679,198622
785,"Jul 02, 2015",9.1e-07,1e-06,9.000000000000001e-07,9.7e-07,260,184776
786,"Jul 01, 2015",1e-06,1e-06,8.7e-07,8.7e-07,1209,209165
787,"Jun 30, 2015",9.4e-07,1e-06,8.9e-07,1e-06,2384,190888
788,"Jun 29, 2015",8.6e-07,1e-06,8.2e-07,9.7e-07,6034,175879
789,"Jun 28, 2015",9.3e-07,9.6e-07,8e-07,8.6e-07,2165,189610
790,"Jun 27, 2015",8.6e-07,9.5e-07,8.6e-07,9.3e-07,259,175380
791,"Jun 26, 2015",8.6e-07,9.2e-07,8.2e-07,8.6e-07,1278,174423
792,"Jun 25, 2015",8.9e-07,9.6e-07,8e-07,8.6e-07,1969,180876
793,"Jun 24, 2015",8.9e-07,9.8e-07,8e-07,8.9e-07,3023,181969
794,"Jun 23, 2015",8.5e-07,1e-06,8e-07,8.9e-07,4186,172780
795,"Jun 22, 2015",8.4e-07,9.1e-07,6.9e-07,8.5e-07,3929,171662
796,"Jun 21, 2015",8.9e-07,9.6e-07,7.7e-07,8.4e-07,305,181886
797,"Jun 20, 2015",8.2e-07,9.000000000000001e-07,7.2e-07,8.9e-07,483,166036
798,"Jun 19, 2015",9.3e-07,9.7e-07,7e-07,8.1e-07,4497,190063
799,"Jun 18, 2015",9.000000000000001e-07,1e-06,8.4e-07,9.3e-07,329,182446
800,"Jun 17, 2015",1e-06,1e-06,6.7e-07,9.000000000000001e-07,5321,207257
801,"Jun 16, 2015",7.7e-07,1e-06,7.3e-07,1e-06,765,156453
802,"Jun 15, 2015",8e-07,8.1e-07,7.2e-07,7.7e-07,1640,163121
803,"Jun 14, 2015",6.8e-07,8.2e-07,6.6e-07,8e-07,1837,137494
804,"Jun 13, 2015",6.9e-07,7e-07,5.9e-07,6.8e-07,1258,139414
805,"Jun 12, 2015",5.9e-07,7e-07,5.8e-07,6.8e-07,1567,120269
806,"Jun 11, 2015",6.2e-07,6.2e-07,5.4e-07,5.9e-07,1013,125267
807,"Jun 10, 2015",6.8e-07,6.8e-07,5.4e-07,6.2e-07,2664,139030
808,"Jun 09, 2015",6.6e-07,7e-07,6.6e-07,6.8e-07,246,134359
809,"Jun 08, 2015",5.9e-07,7.4e-07,5.2e-07,6.6e-07,7100,120016
810,"Jun 07, 2015",7.9e-07,8e-07,5.9e-07,5.9e-07,613,160710
811,"Jun 06, 2015",7.6e-07,8.1e-07,5.7e-07,7.9e-07,1313,153988
812,"Jun 05, 2015",7.2e-07,8.5e-07,7.2e-07,7.4e-07,1114,145878
813,"Jun 04, 2015",6.8e-07,8.2e-07,6.2e-07,7.2e-07,3541,137227
814,"Jun 03, 2015",6.2e-07,6.9e-07,6.2e-07,6.8e-07,256,125651
815,"Jun 02, 2015",6.3e-07,6.5e-07,5.8e-07,6.2e-07,128,127662
816,"Jun 01, 2015",6.2e-07,6.8e-07,5.6e-07,6.1e-07,221,126517
817,"May 31, 2015",7.6e-07,8e-07,4.5e-07,6.2e-07,2282,154604
818,"May 30, 2015",7.3e-07,8.7e-07,5.8e-07,7.6e-07,5587,148836
819,"May 29, 2015",8.1e-07,8.3e-07,7e-07,7.3e-07,1151,164352
820,"May 28, 2015",8.7e-07,8.7e-07,7.9e-07,8.1e-07,800,176099
821,"May 27, 2015",9.1e-07,9.4e-07,8.5e-07,8.7e-07,649,184369
822,"May 26, 2015",9.000000000000001e-07,9.3e-07,8.6e-07,9.1e-07,1005,182883
823,"May 25, 2015",9.000000000000001e-07,9.8e-07,7.5e-07,9.000000000000001e-07,6916,182261
824,"May 24, 2015",9.3e-07,9.7e-07,7.8e-07,9.000000000000001e-07,1428,188206
825,"May 23, 2015",8.4e-07,1e-06,7.6e-07,9.3e-07,813,170864
826,"May 22, 2015",8e-07,1e-06,7.1e-07,8.8e-07,6171,162077
827,"May 21, 2015",7.4e-07,8.2e-07,7.1e-07,8e-07,1830,151109
828,"May 20, 2015",6.4e-07,7.6e-07,6.1e-07,7.4e-07,1092,129731
829,"May 19, 2015",5.9e-07,6.5e-07,5.6e-07,6.4e-07,1840,119670
830,"May 18, 2015",6.1e-07,6.3e-07,5.1e-07,5.9e-07,724,123984
831,"May 17, 2015",6.9e-07,7e-07,5.8e-07,5.8e-07,909,140795
832,"May 16, 2015",7.4e-07,7.5e-07,6.6e-07,6.9e-07,1166,150155
833,"May 15, 2015",6.2e-07,7.5e-07,5.7e-07,7.4e-07,3181,125911
834,"May 14, 2015",6.5e-07,6.6e-07,5.5e-07,6.2e-07,3239,131667
835,"May 13, 2015",4e-07,6.5e-07,4e-07,6.5e-07,6672,81900
836,"May 12, 2015",3.9e-07,4.2e-07,3.6e-07,4e-07,324,78719
837,"May 11, 2015",3.8e-07,4.3e-07,3.6e-07,3.9e-07,1046,76634
838,"May 10, 2015",4.1e-07,4.1e-07,3.4e-07,3.8e-07,334,82262
839,"May 09, 2015",4.1e-07,4.2e-07,3.8e-07,4.1e-07,237,83946
840,"May 08, 2015",3.8e-07,4.3e-07,3.8e-07,4.1e-07,677,76589
841,"May 07, 2015",3.9e-07,4.1e-07,3.5e-07,3.8e-07,570,78790
842,"May 06, 2015",4.1e-07,4.4e-07,3.8e-07,3.9e-07,798,82175
843,"May 05, 2015",4e-07,4.2e-07,3.9e-07,4.1e-07,531,80209
844,"May 04, 2015",3.6e-07,4.1e-07,3.6e-07,3.9e-07,670,72533
845,"May 03, 2015",3.1e-07,3.9e-07,3e-07,3.6e-07,1395,63197
846,"May 02, 2015",3.4e-07,3.5e-07,2.8e-07,3.1e-07,351,68102
847,"May 01, 2015",3.1e-07,3.5e-07,2.8e-07,3.4e-07,779,63291
848,"Apr 30, 2015",3.1e-07,3.3e-07,2.3e-07,3.1e-07,1718,61770
849,"Apr 29, 2015",3.1e-07,3.2e-07,2.9e-07,3.2e-07,91,63534
850,"Apr 28, 2015",3e-07,3.1e-07,3e-07,3.1e-07,16,61488
851,"Apr 27, 2015",2.9e-07,3.2e-07,2.9e-07,3e-07,47,59314
852,"Apr 26, 2015",3.1e-07,3.1e-07,2.8e-07,2.9e-07,53,63139
853,"Apr 25, 2015",3.3e-07,3.4e-07,3.1e-07,3.1e-07,96,67022
854,"Apr 24, 2015",3.4e-07,3.5e-07,3.3e-07,3.3e-07,40,68553
855,"Apr 23, 2015",3e-07,3.5e-07,3e-07,3.4e-07,53,61532
856,"Apr 22, 2015",3.2e-07,3.3e-07,2.8e-07,3e-07,189,63781
857,"Apr 21, 2015",3.1e-07,3.2e-07,3e-07,3.1e-07,35,62692
858,"Apr 20, 2015",3.2e-07,3.4e-07,3.1e-07,3.1e-07,160,65162
859,"Apr 19, 2015",3.1e-07,3.5e-07,3e-07,3.2e-07,68,62842
860,"Apr 18, 2015",2.9e-07,3.1e-07,2.9e-07,3.1e-07,24,58549
861,"Apr 17, 2015",3.1e-07,3.3e-07,2.8e-07,2.9e-07,117,63285
862,"Apr 16, 2015",3e-07,3.3e-07,2.9e-07,3.1e-07,231,61392
863,"Apr 15, 2015",2.9e-07,3.2e-07,2.9e-07,3e-07,82,58409
864,"Apr 14, 2015",2.9e-07,3.1e-07,2.8e-07,2.9e-07,93,58319
865,"Apr 13, 2015",2.9e-07,3.3e-07,2.9e-07,2.9e-07,177,59195
866,"Apr 12, 2015",2.9e-07,3.1e-07,2.9e-07,2.9e-07,63,58776
867,"Apr 11, 2015",3.2e-07,3.2e-07,2.9e-07,2.9e-07,43,64338
868,"Apr 10, 2015",3.2e-07,3.3e-07,3e-07,3.2e-07,88,63942
869,"Apr 09, 2015",3.2e-07,3.4e-07,3.1e-07,3.2e-07,104,65535
870,"Apr 08, 2015",3.3e-07,3.5e-07,3.2e-07,3.3e-07,26,67317
871,"Apr 07, 2015",3.6e-07,3.6e-07,3.3e-07,3.3e-07,24,72122
872,"Apr 06, 2015",3.4e-07,3.6e-07,3.4e-07,3.6e-07,8,68607
873,"Apr 05, 2015",3.4e-07,3.7e-07,3.2e-07,3.4e-07,667,67813
874,"Apr 04, 2015",3.4e-07,3.6e-07,3.2e-07,3.4e-07,146,67519
875,"Apr 03, 2015",3.5e-07,3.9e-07,3.2e-07,3.4e-07,165,70375
876,"Apr 02, 2015",3.2e-07,3.6e-07,3.2e-07,3.5e-07,24,65426
877,"Apr 01, 2015",3.3e-07,3.5e-07,3.1e-07,3.2e-07,33,66482
878,"Mar 31, 2015",3.2e-07,3.4e-07,3.1e-07,3.3e-07,134,63874
879,"Mar 30, 2015",3.2e-07,3.4e-07,3.1e-07,3.2e-07,63,63456
880,"Mar 29, 2015",3.4e-07,3.5e-07,3.1e-07,3.2e-07,15,68056
881,"Mar 28, 2015",3.2e-07,3.6e-07,3.1e-07,3.4e-07,29,64289
882,"Mar 27, 2015",3.4e-07,4.1e-07,3.1e-07,3.2e-07,16,67465
883,"Mar 26, 2015",3.3e-07,3.6e-07,3.3e-07,3.4e-07,38,67046
884,"Mar 25, 2015",3.3e-07,3.6e-07,3.2e-07,3.3e-07,85,66615
885,"Mar 24, 2015",3.7e-07,3.9e-07,3.3e-07,3.3e-07,207,75131
886,"Mar 23, 2015",3.8e-07,3.8e-07,3.5e-07,3.7e-07,32,75948
887,"Mar 22, 2015",3.7e-07,3.8e-07,3.5e-07,3.8e-07,66,74018
888,"Mar 21, 2015",3.6e-07,3.7e-07,3.4e-07,3.5e-07,176,71596
889,"Mar 20, 2015",3.6e-07,3.9e-07,3.2e-07,3.6e-07,1003,72905
890,"Mar 19, 2015",3.4e-07,3.9e-07,3e-07,3.6e-07,985,68275
891,"Mar 18, 2015",4.3e-07,4.3e-07,3.3e-07,3.4e-07,203,86100
892,"Mar 17, 2015",4.1e-07,4.3e-07,3.5e-07,4.3e-07,862,81420
893,"Mar 16, 2015",4.5e-07,5e-07,3.5e-07,4e-07,638,90115
894,"Mar 15, 2015",4.5e-07,4.8e-07,4.2e-07,4.5e-07,89,91333
895,"Mar 14, 2015",4.5e-07,4.9e-07,4.4e-07,4.5e-07,92,89898
896,"Mar 13, 2015",4.5e-07,4.8e-07,4.3e-07,4.5e-07,12,90543
897,"Mar 12, 2015",4.8e-07,4.8e-07,4.4e-07,4.5e-07,467,96304
898,"Mar 11, 2015",4.8e-07,5e-07,4.7e-07,4.8e-07,140,96343
899,"Mar 10, 2015",4.4e-07,5.1e-07,4.3e-07,4.8e-07,285,89213
900,"Mar 09, 2015",4.4e-07,4.7e-07,4.4e-07,4.4e-07,181,89270
901,"Mar 08, 2015",4.2e-07,4.8e-07,4.2e-07,4.4e-07,119,84559
902,"Mar 07, 2015",4e-07,4.8e-07,4e-07,4.2e-07,885,80044
903,"Mar 06, 2015",4e-07,4.6e-07,4e-07,4e-07,137,80471
904,"Mar 05, 2015",4.2e-07,4.4e-07,3.9e-07,4e-07,33,84707
905,"Mar 04, 2015",4e-07,4.5e-07,3.9e-07,4.2e-07,217,80285
906,"Mar 03, 2015",4.1e-07,4.3e-07,3.8e-07,4e-07,125,81585
907,"Mar 02, 2015",4.4e-07,4.7e-07,4e-07,4.1e-07,434,87266
908,"Mar 01, 2015",4.2e-07,4.9e-07,3.6e-07,4.3e-07,1773,85186
909,"Feb 28, 2015",3.7e-07,4.3e-07,3.5e-07,4.2e-07,607,74226
910,"Feb 27, 2015",3.8e-07,3.9e-07,3.3e-07,3.7e-07,620,75889
911,"Feb 26, 2015",3.5e-07,3.8e-07,3.1e-07,3.8e-07,1263,69287
912,"Feb 25, 2015",3.7e-07,4e-07,3.4e-07,3.4e-07,589,73367
913,"Feb 24, 2015",3.6e-07,4e-07,3.1e-07,3.6e-07,699,72740
914,"Feb 23, 2015",4.5e-07,4.5e-07,3.3e-07,3.6e-07,2549,90406
915,"Feb 22, 2015",4.8e-07,5e-07,4.5e-07,4.5e-07,1294,96371
916,"Feb 21, 2015",4.6e-07,5e-07,4.4e-07,4.8e-07,1064,92218
917,"Feb 20, 2015",4.7e-07,5.1e-07,3.8e-07,4.6e-07,2197,94954
918,"Feb 19, 2015",4.9e-07,5.1e-07,4e-07,4.8e-07,1293,98948
919,"Feb 18, 2015",5.2e-07,5.4e-07,4.9e-07,4.9e-07,579,104397
920,"Feb 17, 2015",5.2e-07,5.5e-07,5.1e-07,5.2e-07,784,104151
921,"Feb 16, 2015",5.5e-07,5.6e-07,5.2e-07,5.2e-07,793,110761
922,"Feb 15, 2015",6e-07,6.4e-07,5.5e-07,5.5e-07,749,120323
923,"Feb 14, 2015",5.6e-07,6.1e-07,5.6e-07,6e-07,388,112991
924,"Feb 13, 2015",5.4e-07,6.1e-07,5.4e-07,5.6e-07,471,108786
925,"Feb 12, 2015",5.4e-07,5.6e-07,5e-07,5.4e-07,828,107133
926,"Feb 11, 2015",5.5e-07,5.7e-07,5.3e-07,5.3e-07,160,109115
927,"Feb 10, 2015",5.5e-07,5.9e-07,5.3e-07,5.5e-07,1453,110716
928,"Feb 09, 2015",5.5e-07,5.7e-07,5.2e-07,5.5e-07,395,110572
929,"Feb 08, 2015",5.6e-07,6.1e-07,5.3e-07,5.5e-07,1432,111085
930,"Feb 07, 2015",5.6e-07,5.9e-07,5.2e-07,5.5e-07,1417,112212
931,"Feb 06, 2015",5.5e-07,6e-07,5.4e-07,5.6e-07,1085,110752
932,"Feb 05, 2015",5.6e-07,5.9e-07,5.2e-07,5.7e-07,268,111093
933,"Feb 04, 2015",4.9e-07,5.9e-07,4.9e-07,5.7e-07,1064,98162
934,"Feb 03, 2015",5.4e-07,5.7e-07,4.8e-07,4.9e-07,1107,107557
935,"Feb 02, 2015",5.3e-07,5.4e-07,4.9e-07,5.4e-07,176,104810
936,"Feb 01, 2015",5.5e-07,5.5e-07,4.7e-07,5.2e-07,405,109533
937,"Jan 31, 2015",5.1e-07,5.8e-07,5.1e-07,5.5e-07,464,102073
938,"Jan 30, 2015",5.5e-07,5.9e-07,4.9e-07,5.1e-07,446,110614
939,"Jan 29, 2015",5.4e-07,5.6e-07,5e-07,5.6e-07,628,106698
940,"Jan 28, 2015",6.1e-07,6.4e-07,5e-07,5.3e-07,216,121826
941,"Jan 27, 2015",6e-07,6.5e-07,5.6e-07,6.1e-07,460,119077
942,"Jan 26, 2015",6.7e-07,7.2e-07,5.7e-07,6e-07,306,133986
943,"Jan 25, 2015",5.9e-07,7.3e-07,5.9e-07,6.7e-07,2516,117131
944,"Jan 24, 2015",4.4e-07,6.3e-07,4.3e-07,5.9e-07,1563,87894
945,"Jan 23, 2015",4e-07,4.5e-07,4e-07,4.4e-07,457,80325
946,"Jan 22, 2015",3.9e-07,4.3e-07,3.9e-07,4.1e-07,70,78501
947,"Jan 21, 2015",3.8e-07,4e-07,3.7e-07,3.9e-07,297,76052
948,"Jan 20, 2015",3.3e-07,3.8e-07,3.2e-07,3.8e-07,1004,65874
949,"Jan 19, 2015",3.2e-07,3.4e-07,3.1e-07,3.3e-07,43,63497
950,"Jan 18, 2015",3.3e-07,3.6e-07,3e-07,3.2e-07,299,64796
951,"Jan 17, 2015",3.7e-07,3.7e-07,3e-07,3.3e-07,638,73319
952,"Jan 16, 2015",3.4e-07,4e-07,3.3e-07,3.7e-07,329,66601
953,"Jan 15, 2015",3.1e-07,3.8e-07,3.1e-07,3.4e-07,754,62129
954,"Jan 14, 2015",4.1e-07,4.1e-07,3e-07,3.1e-07,250,82168
955,"Jan 13, 2015",4.6e-07,4.8e-07,3.7e-07,4.1e-07,1159,90542
956,"Jan 12, 2015",4.2e-07,4.9e-07,4.2e-07,4.6e-07,500,83602
957,"Jan 11, 2015",4e-07,4.8e-07,3.9e-07,4.2e-07,1897,78354
958,"Jan 10, 2015",4.9e-07,5.1e-07,3.6e-07,4e-07,504,96848
959,"Jan 09, 2015",4.5e-07,5.1e-07,4.5e-07,4.9e-07,448,88647
960,"Jan 08, 2015",4.5e-07,4.8e-07,4.1e-07,4.5e-07,857,88288
961,"Jan 07, 2015",4.4e-07,4.9e-07,4.3e-07,4.5e-07,52,87699
962,"Jan 06, 2015",4e-07,4.4e-07,3.9e-07,4.4e-07,438,78235
963,"Jan 05, 2015",3.9e-07,4.2e-07,3.7e-07,4e-07,591,77491
964,"Jan 04, 2015",4.4e-07,4.7e-07,3.5e-07,3.9e-07,1164,87693
965,"Jan 03, 2015",5.9e-07,5.9e-07,4.5e-07,4.5e-07,889,115627
966,"Jan 02, 2015",5.9e-07,6.1e-07,5.7e-07,5.9e-07,338,116020
967,"Jan 01, 2015",6e-07,6.6e-07,5.9e-07,5.9e-07,257,118139
968,"Dec 31, 2014",5.9e-07,6.8e-07,5.7e-07,6e-07,1550,116665
969,"Dec 30, 2014",6.7e-07,6.8e-07,6.1e-07,6.5e-07,410,132694
970,"Dec 29, 2014",6.4e-07,6.8e-07,5.9e-07,6.5e-07,1844,126057
971,"Dec 28, 2014",6e-07,6.7e-07,6e-07,6.4e-07,577,117565
972,"Dec 27, 2014",6.3e-07,7.5e-07,6e-07,6.2e-07,2122,124638
973,"Dec 26, 2014",5.1e-07,6.4e-07,4.9e-07,6.3e-07,1374,100713
974,"Dec 25, 2014",4.4e-07,5.1e-07,4.2e-07,5.1e-07,561,86125
975,"Dec 24, 2014",4.3e-07,4.9e-07,4.2e-07,4.4e-07,23,83605
976,"Dec 23, 2014",4.8e-07,4.9e-07,4.2e-07,4.3e-07,185,94462
977,"Dec 22, 2014",4.8e-07,5.1e-07,4.3e-07,4.8e-07,960,94557
978,"Dec 21, 2014",5.5e-07,5.9e-07,4.5e-07,4.8e-07,1371,108647
979,"Dec 20, 2014",6.6e-07,6.7e-07,5.2e-07,5.6e-07,1228,129866
980,"Dec 19, 2014",6.4e-07,6.8e-07,6.1e-07,6.6e-07,559,126391
981,"Dec 18, 2014",6.5e-07,7.4e-07,5.5e-07,6.5e-07,1516,126415
982,"Dec 17, 2014",4.8e-07,7.1e-07,4.7e-07,6.4e-07,3260,94223
983,"Dec 16, 2014",6.6e-07,6.6e-07,4e-07,4.8e-07,15744,128393
984,"Dec 15, 2014",1e-06,1e-06,6.2e-07,6.6e-07,12354,238439
985,"Dec 14, 2014",1e-06,1e-06,1e-06,1e-06,2105,244675
986,"Dec 13, 2014",1e-06,2e-06,1e-06,1e-06,3560,259120
987,"Dec 12, 2014",1e-06,1e-06,1e-06,1e-06,1475,285597
988,"Dec 11, 2014",2e-06,2e-06,1e-06,1e-06,4453,306244
989,"Dec 10, 2014",2e-06,2e-06,1e-06,2e-06,1656,315358
990,"Dec 09, 2014",2e-06,2e-06,1e-06,2e-06,3701,384913
991,"Dec 08, 2014",2e-06,2e-06,2e-06,2e-06,4057,441360
992,"Dec 07, 2014",2e-06,2e-06,2e-06,2e-06,4755,437057
993,"Dec 06, 2014",2e-06,2e-06,2e-06,2e-06,4847,408723
994,"Dec 05, 2014",2e-06,2e-06,2e-06,2e-06,2983,398963
995,"Dec 04, 2014",2e-06,2e-06,2e-06,2e-06,1852,379660
996,"Dec 03, 2014",2e-06,2e-06,2e-06,2e-06,1920,381206
997,"Dec 02, 2014",2e-06,2e-06,2e-06,2e-06,1468,361295
998,"Dec 01, 2014",2e-06,2e-06,2e-06,2e-06,2509,396360
999,"Nov 30, 2014",2e-06,2e-06,2e-06,2e-06,2707,354986
1000,"Nov 29, 2014",2e-06,2e-06,2e-06,2e-06,1881,370317
1001,"Nov 28, 2014",2e-06,2e-06,2e-06,2e-06,2960,330859
1002,"Nov 27, 2014",2e-06,2e-06,2e-06,2e-06,3822,337887
1003,"Nov 26, 2014",2e-06,2e-06,1e-06,2e-06,3244,296797
1004,"Nov 25, 2014",2e-06,2e-06,2e-06,2e-06,2680,411723
1005,"Nov 24, 2014",2e-06,2e-06,1e-06,2e-06,15383,347636
1006,"Nov 23, 2014",2e-06,2e-06,2e-06,2e-06,11164,414146
1007,"Nov 22, 2014",2e-06,2e-06,2e-06,2e-06,15670,377456
1008,"Nov 21, 2014",2e-06,2e-06,2e-06,2e-06,7564,362627
1009,"Nov 20, 2014",2e-06,2e-06,2e-06,2e-06,10258,344388
1010,"Nov 19, 2014",1e-06,2e-06,1e-06,2e-06,6988,268736
1011,"Nov 18, 2014",1e-06,2e-06,1e-06,1e-06,8402,252874
1012,"Nov 17, 2014",1e-06,1e-06,1e-06,1e-06,2327,230560
1013,"Nov 16, 2014",1e-06,1e-06,1e-06,1e-06,2397,198961
1014,"Nov 15, 2014",1e-06,1e-06,9.2e-07,1e-06,2078,206384
1015,"Nov 14, 2014",1e-06,1e-06,9.8e-07,1e-06,1779,210797
1016,"Nov 13, 2014",8.7e-07,1e-06,8.4e-07,1e-06,7698,165945
1017,"Nov 12, 2014",8.1e-07,9.2e-07,7e-07,8.5e-07,1360,154538
1018,"Nov 11, 2014",7e-07,8.8e-07,7e-07,8.1e-07,878,133625
1019,"Nov 10, 2014",6.9e-07,7.3e-07,5.9e-07,7e-07,758,131947
1020,"Nov 09, 2014",8.2e-07,8.9e-07,6.9e-07,6.9e-07,1319,155889
1021,"Nov 08, 2014",8.9e-07,9.6e-07,7.8e-07,8.2e-07,3549,169288
1022,"Nov 07, 2014",8e-07,8.9e-07,7.9e-07,8.9e-07,944,152649
1023,"Nov 06, 2014",7.6e-07,8e-07,7.2e-07,8e-07,705,145109
1024,"Nov 05, 2014",7.1e-07,7.7e-07,7.1e-07,7.6e-07,191,135723
1025,"Nov 04, 2014",7.1e-07,7.8e-07,7.1e-07,7.1e-07,251,135002
1026,"Nov 03, 2014",7.5e-07,8.5e-07,6.7e-07,7.5e-07,397,142198
1027,"Nov 02, 2014",7.5e-07,7.9e-07,6.8e-07,7.5e-07,283,141644
1028,"Nov 01, 2014",7.2e-07,7.5e-07,6.5e-07,7.5e-07,445,135585
1029,"Oct 31, 2014",6.8e-07,8.1e-07,6.7e-07,7.2e-07,547,129103
1030,"Oct 30, 2014",8.5e-07,8.6e-07,6.4e-07,6.8e-07,2394,161528
1031,"Oct 29, 2014",8.4e-07,8.8e-07,7.8e-07,8.5e-07,723,159063
1032,"Oct 28, 2014",9.5e-07,1e-06,7.6e-07,8.4e-07,2062,180003
1033,"Oct 27, 2014",6.7e-07,1e-06,6.7e-07,9.9e-07,3818,126263
1034,"Oct 26, 2014",6.2e-07,7.4e-07,5.5e-07,6.7e-07,4286,117392
1035,"Oct 25, 2014",6e-07,6.6e-07,5.5e-07,6.2e-07,812,112697
1036,"Oct 24, 2014",5.6e-07,6e-07,5.2e-07,6e-07,739,105296
1037,"Oct 23, 2014",5e-07,5.6e-07,4.8e-07,5.6e-07,322,93867
1038,"Oct 22, 2014",5.1e-07,5.5e-07,5e-07,5e-07,1385,95963
1039,"Oct 21, 2014",5.5e-07,6.3e-07,5.1e-07,5.1e-07,1206,102629
1040,"Oct 20, 2014",4.8e-07,5.9e-07,3.9e-07,5.5e-07,1803,89490
1041,"Oct 19, 2014",4.9e-07,5.2e-07,4.8e-07,4.8e-07,3693,90968
1042,"Oct 18, 2014",4.4e-07,4.9e-07,4e-07,4.9e-07,648,81835
1043,"Oct 17, 2014",4.4e-07,5.2e-07,4.4e-07,4.4e-07,539,82019
1044,"Oct 16, 2014",4.5e-07,4.9e-07,4.4e-07,4.4e-07,1675,83366
1045,"Oct 15, 2014",5.7e-07,6.5e-07,4.5e-07,4.5e-07,2632,105399
1046,"Oct 14, 2014",5.4e-07,6.6e-07,5.4e-07,5.7e-07,827,100702
1047,"Oct 13, 2014",6.2e-07,7e-07,5.3e-07,5.4e-07,1873,114627
1048,"Oct 12, 2014",4.9e-07,7.6e-07,4.8e-07,6.2e-07,2666,90581
1049,"Oct 11, 2014",4.1e-07,4.9e-07,4e-07,4.9e-07,785,76368
1050,"Oct 10, 2014",4.2e-07,4.5e-07,3.7e-07,4.1e-07,483,78289
1051,"Oct 09, 2014",3.9e-07,4.3e-07,3.5e-07,4.2e-07,432,72065
1052,"Oct 08, 2014",3.8e-07,4.3e-07,3.5e-07,3.9e-07,396,70683
1053,"Oct 07, 2014",4.2e-07,4.3e-07,3.7e-07,3.8e-07,110,77273
1054,"Oct 06, 2014",3.7e-07,4.2e-07,3.3e-07,4.2e-07,378,68186
1055,"Oct 05, 2014",4e-07,4.4e-07,3.5e-07,3.7e-07,496,72755
1056,"Oct 04, 2014",4.2e-07,4.4e-07,3.6e-07,4e-07,239,76610
1057,"Oct 03, 2014",4.8e-07,4.8e-07,3.8e-07,4.2e-07,881,87061
1058,"Oct 02, 2014",4e-07,5.6e-07,4e-07,4.8e-07,877,72983
1059,"Oct 01, 2014",4.9e-07,5.4e-07,3.5e-07,4.4e-07,3382,90138
1060,"Sep 30, 2014",6e-07,6e-07,4.3e-07,4.9e-07,559,108591
1061,"Sep 29, 2014",3.8e-07,6e-07,3.8e-07,5.9e-07,2907,69450
1062,"Sep 28, 2014",4e-07,4e-07,3.4e-07,3.8e-07,530,72419
1063,"Sep 27, 2014",3.6e-07,4e-07,3.1e-07,4e-07,213,64520
1064,"Sep 26, 2014",3.6e-07,3.6e-07,3.1e-07,3.6e-07,336,65513
1065,"Sep 25, 2014",3.7e-07,3.7e-07,3.1e-07,3.6e-07,353,67490
1066,"Sep 24, 2014",2.9e-07,3.7e-07,2.8e-07,3.7e-07,858,51710
1067,"Sep 23, 2014",3.8e-07,3.9e-07,2.8e-07,2.9e-07,759,69055
1068,"Sep 22, 2014",2.6e-07,3.8e-07,2.5e-07,3.8e-07,640,46080
1069,"Sep 21, 2014",2.7e-07,3e-07,2.5e-07,2.6e-07,373,47778
1070,"Sep 20, 2014",3.3e-07,7.1e-07,2.2e-07,2.7e-07,722,59861
1071,"Sep 19, 2014",5.5e-07,5.5e-07,3e-07,3.3e-07,59,99367
1072,"Sep 18, 2014",2.5e-07,7.6e-07,2.5e-07,5.5e-07,87,45415
1073,"Sep 17, 2014",2.5e-07,3.1e-07,2e-07,2.5e-07,507,45443
1074,"Sep 16, 2014",2.6e-07,3.1e-07,2.5e-07,2.5e-07,132,46115
1075,"Sep 15, 2014",2.7e-07,5.9e-07,2.6e-07,2.6e-07,294,48121
1076,"Sep 14, 2014",2.7e-07,3.3e-07,2.7e-07,2.7e-07,1045,48535
1077,"Sep 13, 2014",3.2e-07,3.3e-07,2.7e-07,2.7e-07,79,57475
1078,"Sep 12, 2014",3.3e-07,3.8e-07,3.2e-07,3.2e-07,98,58070
1079,"Sep 11, 2014",2.7e-07,3.8e-07,2.7e-07,3.3e-07,218,47231
1080,"Sep 10, 2014",3e-07,3.6e-07,2.6e-07,2.7e-07,260,53728
1081,"Sep 09, 2014",3.1e-07,3.5e-07,3e-07,3e-07,187,53891
1082,"Sep 08, 2014",3.1e-07,4e-07,3e-07,3.1e-07,261,54479
1083,"Sep 07, 2014",2.5e-07,3.6e-07,2.5e-07,3.1e-07,983,43836
1084,"Sep 06, 2014",2.5e-07,3e-07,2.5e-07,2.5e-07,135,43676
1085,"Sep 05, 2014",2.6e-07,3.1e-07,2.5e-07,2.5e-07,322,45341
1086,"Sep 04, 2014",2.4e-07,3.2e-07,2.4e-07,2.6e-07,96,42613
1087,"Sep 03, 2014",2.4e-07,2.9e-07,1.9e-07,2.4e-07,348,42093
1088,"Sep 02, 2014",1.9e-07,2.9e-07,1.9e-07,2.4e-07,1430,32836
1089,"Sep 01, 2014",1.9e-07,2.5e-07,1.9e-07,1.9e-07,70,33549
1090,"Aug 31, 2014",2.1e-07,2.5e-07,1.9e-07,1.9e-07,14,36188
1091,"Aug 30, 2014",2.1e-07,2.6e-07,2.1e-07,2.1e-07,161,37141
1092,"Aug 29, 2014",2.1e-07,2.7e-07,2.1e-07,2.1e-07,177,36616
1093,"Aug 28, 2014",2.2e-07,2.6e-07,2e-07,2.1e-07,83,37524
1094,"Aug 27, 2014",2.2e-07,2.8e-07,2.1e-07,2.2e-07,104,38225
1095,"Aug 26, 2014",2e-07,2.8e-07,2e-07,2.2e-07,224,35180
1096,"Aug 25, 2014",2.1e-07,2.7e-07,2e-07,2e-07,29,36939
1097,"Aug 24, 2014",2e-07,2.7e-07,1.9e-07,2.2e-07,89,33587
1098,"Aug 23, 2014",2.1e-07,2.6e-07,1.9e-07,2e-07,433,28804
1099,"Aug 22, 2014",2.3e-07,2.6e-07,1.6e-07,2.1e-07,722,31897
1100,"Aug 21, 2014",2.7e-07,3.1e-07,2.3e-07,2.3e-07,1289,37590
1101,"Aug 20, 2014",1.9e-07,2.7e-07,1.8e-07,2.2e-07,708,25879
1102,"Aug 19, 2014",1.5e-07,2.4e-07,1.5e-07,1.9e-07,725,20394
1103,"Aug 18, 2014",1.7e-07,2e-07,1.4e-07,1.5e-07,726,24049
1104,"Aug 17, 2014",2e-07,2.5e-07,1.7e-07,1.7e-07,452,27561
1105,"Aug 16, 2014",2e-07,2.5e-07,1.5e-07,2e-07,460,27942
1106,"Aug 15, 2014",2.5e-07,2.5e-07,2e-07,2e-07,446,34864
1107,"Aug 14, 2014",1.5e-07,2.1e-07,1.5e-07,2e-07,802,20931
1108,"Aug 13, 2014",2.3e-07,2.3e-07,1.5e-07,2e-07,433,31085
1109,"Aug 12, 2014",2.4e-07,2.9e-07,2.2e-07,2.3e-07,923,33321
1110,"Aug 11, 2014",3.5e-07,4.8e-07,2.4e-07,2.4e-07,1059,47871
1111,"Aug 10, 2014",3.5e-07,4.2e-07,3.5e-07,4.2e-07,923,47823
1112,"Aug 09, 2014",2.8e-07,4.2e-07,2.8e-07,3.5e-07,1375,38676
1113,"Aug 08, 2014",2.9e-07,3.6e-07,2.8e-07,2.8e-07,121,40456
1114,"Aug 07, 2014",2.9e-07,3.6e-07,2.8e-07,2.9e-07,201,39906
1115,"Aug 06, 2014",2.9e-07,3.7e-07,2.2e-07,2.9e-07,535,40192
1116,"Aug 05, 2014",2.2e-07,3.6e-07,2.2e-07,2.9e-07,811,30687
1117,"Aug 04, 2014",2.3e-07,3.3e-07,2.2e-07,2.2e-07,872,31628
1118,"Aug 03, 2014",2.4e-07,3.1e-07,2.3e-07,2.3e-07,95,32774
1119,"Aug 02, 2014",2.4e-07,3.1e-07,2.3e-07,2.4e-07,121,32438
1120,"Aug 01, 2014",2.3e-07,3.1e-07,2.3e-07,2.4e-07,222,31561
1121,"Jul 31, 2014",2.2e-07,3e-07,2.2e-07,2.3e-07,212,30819
1122,"Jul 30, 2014",3.1e-07,3.1e-07,2.2e-07,2.2e-07,116,42091
1123,"Jul 29, 2014",2.4e-07,3.1e-07,2.3e-07,3.1e-07,129,33056
1124,"Jul 28, 2014",2.4e-07,3.1e-07,2.3e-07,2.4e-07,100,32661
1125,"Jul 27, 2014",2.3e-07,3.1e-07,2.3e-07,2.4e-07,119,32022
1126,"Jul 26, 2014",2.3e-07,3.1e-07,2.3e-07,2.3e-07,153,31250
1127,"Jul 25, 2014",2.4e-07,3.2e-07,2.3e-07,2.3e-07,843,32541
1128,"Jul 24, 2014",2.6e-07,3.3e-07,2.4e-07,2.4e-07,161,35417
1129,"Jul 23, 2014",3.4e-07,3.4e-07,2.6e-07,2.6e-07,131,46602
1130,"Jul 22, 2014",2.6e-07,3.5e-07,1.9e-07,3.4e-07,194,35804
1131,"Jul 21, 2014",2.6e-07,3.4e-07,1.8e-07,2.6e-07,138,34907
1132,"Jul 20, 2014",2.6e-07,3.5e-07,1.7e-07,2.6e-07,184,35458
1133,"Jul 19, 2014",2.7e-07,3.5e-07,2.6e-07,2.6e-07,526,36526
1134,"Jul 18, 2014",2.7e-07,3.5e-07,2.7e-07,2.7e-07,83,35696
1135,"Jul 17, 2014",2.5e-07,3.4e-07,2.5e-07,2.7e-07,121,33479
1136,"Jul 16, 2014",2.6e-07,3.3e-07,1.7e-07,2.5e-07,472,34501
1137,"Jul 15, 2014",2.6e-07,3.5e-07,1.8e-07,2.6e-07,665,34167
1138,"Jul 14, 2014",2.7e-07,3.6e-07,2.6e-07,2.6e-07,161,35157
1139,"Jul 13, 2014",3.4e-07,3.6e-07,2.7e-07,2.7e-07,106,45184
1140,"Jul 12, 2014",3.1e-07,4.3e-07,3.1e-07,3.4e-07,222,41100
1141,"Jul 11, 2014",3.1e-07,4e-07,2.3e-07,3.1e-07,821,40616
1142,"Jul 10, 2014",3.1e-07,3.9e-07,3.1e-07,3.1e-07,528,40448
1143,"Jul 09, 2014",3.1e-07,4e-07,3.1e-07,3.1e-07,235,40208
1144,"Jul 08, 2014",3e-07,3.9e-07,3e-07,3.1e-07,101,39070
1145,"Jul 07, 2014",2.9e-07,3.8e-07,2.8e-07,3.8e-07,0,37385
1146,"Jul 06, 2014",6.2e-07,6.2e-07,2.7e-07,2.9e-07,0,78606
1147,"Jul 05, 2014",2.9e-07,6.2e-07,2.7e-07,2.9e-07,600,37313
1148,"Jul 04, 2014",3.2e-07,6.3e-07,2.9e-07,2.9e-07,119,40926
1149,"Jul 03, 2014",3.8e-07,5.8e-07,3.2e-07,3.2e-07,63,47633
1150,"Jul 02, 2014",4e-07,5.1e-07,3.1e-07,3.3e-07,106,50280
1151,"Jul 01, 2014",3.6e-07,5e-07,3.3e-07,3.9e-07,246,44967
1152,"Jun 30, 2014",4.5e-07,5.3e-07,3.5e-07,3.6e-07,501,56027
1153,"Jun 29, 2014",3.7e-07,6.2e-07,3.6e-07,5e-07,0,46474
1154,"Jun 28, 2014",4.6e-07,6.2e-07,3.7e-07,6.1e-07,1,57018
1155,"Jun 27, 2014",4.5e-07,4.6e-07,3.6e-07,4.6e-07,240,55026
1156,"Jun 26, 2014",4.6e-07,5.5e-07,4.3e-07,4.5e-07,434,56589
1157,"Jun 25, 2014",4.8e-07,5.8e-07,4.6e-07,4.6e-07,1,58889
1158,"Jun 24, 2014",4.4e-07,5.8e-07,4.3e-07,4.8e-07,225,53361
1159,"Jun 23, 2014",4.9e-07,6.6e-07,4.4e-07,4.4e-07,0,59362
1160,"Jun 22, 2014",5.9e-07,8.1e-07,4.9e-07,5.6e-07,0,71728
1161,"Jun 21, 2014",4.9e-07,7.6e-07,4.4e-07,5.9e-07,254,59325
1162,"Jun 20, 2014",5e-07,6.8e-07,4.9e-07,4.9e-07,295,60042
1163,"Jun 19, 2014",4.8e-07,5.9e-07,4.8e-07,5.9e-07,0,57930
1164,"Jun 18, 2014",4.8e-07,5.8e-07,4.8e-07,4.8e-07,46,57658
1165,"Jun 17, 2014",5.8e-07,5.9e-07,4.7e-07,5.1e-07,0,68953
1166,"Jun 16, 2014",5e-07,6.9e-07,4.7e-07,5.8e-07,311,58869
1167,"Jun 15, 2014",5.9e-07,6.9e-07,4.8e-07,6.5e-07,0,69760
1168,"Jun 14, 2014",6.2e-07,7.2e-07,4.4e-07,6e-07,2133,72158
1169,"Jun 13, 2014",5.1e-07,7.2e-07,4.1e-07,6.1e-07,3881,59310
1170,"Jun 12, 2014",4.4e-07,6.5e-07,4.3e-07,5.1e-07,306,50831
1171,"Jun 11, 2014",4.4e-07,5.5e-07,3.5e-07,4.4e-07,2076,51429
1172,"Jun 10, 2014",4.5e-07,1e-06,4.4e-07,4.4e-07,1194,51829
1173,"Jun 09, 2014",4.5e-07,6.8e-07,4.5e-07,4.5e-07,178,51774
1174,"Jun 08, 2014",5.6e-07,9.3e-07,4.1e-07,4.5e-07,256,63558
1175,"Jun 07, 2014",5.6e-07,9.9e-07,4.4e-07,9.9e-07,0,63719
1176,"Jun 06, 2014",4.5e-07,5.6e-07,4.5e-07,5.6e-07,710,51239
1177,"Jun 05, 2014",4.4e-07,1e-06,4.4e-07,4.6e-07,2,49860
1178,"Jun 04, 2014",4.6e-07,5.5e-07,4.4e-07,4.4e-07,309,51193
1179,"Jun 03, 2014",4.5e-07,5.8e-07,4.5e-07,4.6e-07,374,50699
1180,"Jun 02, 2014",4.5e-07,6.9e-07,4.5e-07,4.5e-07,419,49763
1181,"Jun 01, 2014",4.4e-07,5.6e-07,4.4e-07,4.5e-07,288,48527
1182,"May 31, 2014",5.6e-07,8.6e-07,4.3e-07,4.4e-07,455,62220
1183,"May 30, 2014",6.5e-07,8.7e-07,5.3e-07,5.6e-07,909,71182
1184,"May 29, 2014",6.4e-07,6.5e-07,4.8e-07,6.5e-07,768,69786
1185,"May 28, 2014",5.6e-07,7.2e-07,5.1e-07,5.5e-07,484,60762
1186,"May 27, 2014",5.8e-07,7.3e-07,5.4e-07,5.4e-07,19,62702
1187,"May 26, 2014",5.2e-07,6.9e-07,5.2e-07,5.8e-07,399,56525
1188,"May 25, 2014",4.4e-07,6.9e-07,4.5e-07,5.8e-07,478,47913
1189,"May 24, 2014",5.6e-07,8.4e-07,4.4e-07,4.4e-07,208,60389
1190,"May 23, 2014",4.3e-07,8.9e-07,4.3e-07,5.6e-07,786,45721
1191,"May 22, 2014",5.3e-07,9.1e-07,4.3e-07,4.3e-07,1101,52716
1192,"May 21, 2014",5.3e-07,9.1e-07,4.3e-07,5.3e-07,1123,52854
1193,"May 20, 2014",5.2e-07,8.5e-07,5.1e-07,5.3e-07,582,51331
1194,"May 19, 2014",6.2e-07,7.8e-07,5.1e-07,5.2e-07,2093,61831
1195,"May 18, 2014",6.2e-07,8.9e-07,6.2e-07,6.2e-07,386,61860
1196,"May 17, 2014",6.3e-07,8.3e-07,6.2e-07,6.2e-07,237,62433
1197,"May 16, 2014",6.3e-07,7.3e-07,6.2e-07,6.2e-07,306,62668
1198,"May 15, 2014",7.3e-07,7.6e-07,6.3e-07,6.5e-07,0,72763
1199,"May 14, 2014",7.3e-07,8.3e-07,6e-07,7.3e-07,576,72549
1200,"May 13, 2014",5.2e-07,8.3e-07,5.2e-07,7.3e-07,1759,51906
1201,"May 12, 2014",5.2e-07,7e-07,5.2e-07,5.2e-07,333,51504
1202,"May 11, 2014",7.5e-07,7.5e-07,5.1e-07,5.2e-07,1273,74720
1203,"May 10, 2014",7.5e-07,8.6e-07,6.4e-07,7.5e-07,437,75004
1204,"May 09, 2014",6.3e-07,8.6e-07,6e-07,7.5e-07,706,62309
1205,"May 08, 2014",7.4e-07,1e-06,6.3e-07,6.3e-07,838,73185
1206,"May 07, 2014",7.3e-07,9.9e-07,5.3e-07,7.4e-07,4594,71699
1207,"May 06, 2014",8.2e-07,8.9e-07,6.9e-07,7.3e-07,1422,79392
1208,"May 05, 2014",9.3e-07,1e-06,7.1e-07,8.1e-07,1964,89472
1209,"May 04, 2014",9.3e-07,1e-06,9.2e-07,9.3e-07,1133,88416
1210,"May 03, 2014",9.5e-07,1e-06,9.1e-07,9.3e-07,1484,89415
1211,"May 02, 2014",1e-06,1e-06,9.4e-07,9.5e-07,1122,93633
1212,"May 01, 2014",1e-06,1e-06,9.8e-07,1e-06,1174,116568
1213,"Apr 30, 2014",9.4e-07,1e-06,8.9e-07,1e-06,4,85722
1214,"Apr 29, 2014",1e-06,1e-06,9.000000000000001e-07,9.4e-07,1000,91788
1215,"Apr 28, 2014",1e-06,1e-06,8.8e-07,1e-06,1765,96547
1216,"Apr 27, 2014",1e-06,1e-06,8.9e-07,1e-06,1224,93844
1217,"Apr 26, 2014",1e-06,1e-06,9.5e-07,1e-06,1097,104283
1218,"Apr 25, 2014",1e-06,2e-06,1e-06,1e-06,2476,119548
1219,"Apr 24, 2014",1e-06,1e-06,1e-06,1e-06,1555,114703
1220,"Apr 23, 2014",2e-06,2e-06,1e-06,1e-06,2278,132727
1221,"Apr 22, 2014",2e-06,2e-06,2e-06,2e-06,1636,136308
1222,"Apr 21, 2014",2e-06,2e-06,1e-06,2e-06,3480,146343
1223,"Apr 20, 2014",2e-06,2e-06,2e-06,2e-06,1772,147617
1224,"Apr 19, 2014",2e-06,2e-06,2e-06,2e-06,1818,136688
1225,"Apr 18, 2014",2e-06,2e-06,2e-06,2e-06,1969,139646
1226,"Apr 17, 2014",2e-06,2e-06,2e-06,2e-06,2499,159139
1227,"Apr 16, 2014",2e-06,2e-06,2e-06,2e-06,5478,166601
1228,"Apr 15, 2014",1e-06,2e-06,1e-06,2e-06,6583,115537
1229,"Apr 14, 2014",1e-06,2e-06,1e-06,2e-06,2317,94843
1230,"Apr 13, 2014",1e-06,2e-06,1e-06,1e-06,1835,111600
1231,"Apr 12, 2014",2e-06,2e-06,1e-06,1e-06,1247,112528
1232,"Apr 11, 2014",1e-06,2e-06,1e-06,2e-06,2831,85254
1233,"Apr 10, 2014",2e-06,2e-06,1e-06,1e-06,2601,109926
1234,"Apr 09, 2014",2e-06,2e-06,2e-06,2e-06,2545,122137
1235,"Apr 08, 2014",2e-06,2e-06,2e-06,2e-06,2624,126519
1236,"Apr 07, 2014",2e-06,2e-06,2e-06,2e-06,2297,129649
1237,"Apr 06, 2014",2e-06,2e-06,2e-06,2e-06,1509,114957
1238,"Apr 05, 2014",2e-06,2e-06,2e-06,2e-06,1397,119010
1239,"Apr 04, 2014",2e-06,2e-06,2e-06,2e-06,1438,125539
1240,"Apr 03, 2014",2e-06,2e-06,1e-06,2e-06,3618,118556
1241,"Apr 02, 2014",2e-06,2e-06,2e-06,2e-06,2524,144344
1242,"Apr 01, 2014",2e-06,2e-06,2e-06,2e-06,2248,146929
1243,"Mar 31, 2014",2e-06,2e-06,2e-06,2e-06,4005,140172
1244,"Mar 30, 2014",2e-06,2e-06,2e-06,2e-06,4997,116562
1245,"Mar 29, 2014",2e-06,2e-06,2e-06,2e-06,2073,135561
1246,"Mar 28, 2014",2e-06,3e-06,2e-06,2e-06,2610,121508
1247,"Mar 27, 2014",3e-06,3e-06,2e-06,2e-06,3144,153870
1248,"Mar 26, 2014",3e-06,3e-06,3e-06,3e-06,4107,160933
1249,"Mar 25, 2014",3e-06,3e-06,3e-06,3e-06,3768,157629
1250,"Mar 24, 2014",3e-06,3e-06,3e-06,3e-06,5199,161269
1251,"Mar 23, 2014",3e-06,3e-06,3e-06,3e-06,4621,182410
1252,"Mar 22, 2014",3e-06,4e-06,3e-06,3e-06,9504,144417
1253,"Mar 21, 2014",2e-06,3e-06,2e-06,3e-06,5989,131214
1254,"Mar 20, 2014",3e-06,3e-06,2e-06,2e-06,7855,161749
1255,"Mar 19, 2014",3e-06,5e-06,2e-06,3e-06,14147,129957
1256,"Mar 18, 2014",3e-06,3e-06,2e-06,3e-06,13188,139893
1257,"Mar 17, 2014",5e-06,5e-06,3e-06,3e-06,4587,236141
1258,"Mar 16, 2014",6e-06,8e-06,5e-06,5e-06,7886,286678
1259,"Mar 15, 2014",6e-06,7.000000000000001e-06,6e-06,6e-06,7627,291773
1260,"Mar 14, 2014",7.000000000000001e-06,8e-06,6e-06,6e-06,10272,316554
1261,"Mar 13, 2014",6e-06,1.1e-05,6e-06,7.000000000000001e-06,10474,295078
1262,"Mar 12, 2014",6e-06,1e-05,6e-06,6e-06,11626,281948
1263,"Mar 11, 2014",6e-06,1.1e-05,6e-06,6e-06,18342,274740
1264,"Mar 10, 2014",6e-06,1.1e-05,6e-06,6e-06,25733,275760
1265,"Mar 09, 2014",8e-06,1.2e-05,6e-06,6e-06,10755,333726
1266,"Mar 08, 2014",1.2e-05,1.3000000000000001e-05,6e-06,8e-06,8726,513823
1267,"Mar 07, 2014",1.3000000000000001e-05,1.9e-05,8e-06,1.2e-05,45933,533334
1268,"Mar 06, 2014",1.3000000000000001e-05,1.9e-05,1.3000000000000001e-05,1.3000000000000001e-05,14859,526486
1269,"Mar 03, 2014",1.3000000000000001e-05,1.7e-05,1.2e-05,1.7e-05,29369,344484
1270,"Mar 02, 2014",1.8e-05,2.2e-05,1.3000000000000001e-05,1.3000000000000001e-05,19685,478977
1271,"Mar 01, 2014",2.2e-05,2.3e-05,1.7e-05,1.8e-05,29272,597638
1272,"Feb 28, 2014",2.8999999999999997e-05,2.8999999999999997e-05,2.2e-05,2.2e-05,28137,766972
1273,"Feb 27, 2014",2.4e-05,3.3e-05,2.3e-05,2.8999999999999997e-05,3732,635870
1274,"Feb 26, 2014",2.2e-05,2.8999999999999997e-05,1.8e-05,2.4e-05,38473,579468
1275,"Feb 25, 2014",2.7000000000000002e-05,2.9999999999999997e-05,1.8e-05,2.2e-05,32597,736916
1276,"Feb 24, 2014",3.6e-05,3.6e-05,2.7000000000000002e-05,2.8000000000000003e-05,59525,970697
1277,"Feb 23, 2014",3.7e-05,4.4e-05,3.6e-05,3.6e-05,60422,985206
1278,"Feb 22, 2014",4.4e-05,4.8e-05,2.8999999999999997e-05,3.7e-05,37505,1173140
1279,"Feb 21, 2014",5e-05,5e-05,3.3e-05,4.4e-05,35744,1328970
1280,"Feb 20, 2014",4.5e-05,5.4000000000000005e-05,4.2e-05,4.9e-05,17087,1206260
1281,"Feb 19, 2014",5.1e-05,5.6000000000000006e-05,4.4e-05,5e-05,47259,1361410
1282,"Feb 18, 2014",5.6000000000000006e-05,6.3e-05,5e-05,5.1e-05,17625,1510160
1283,"Feb 17, 2014",5.5e-05,6.3e-05,5e-05,5.4000000000000005e-05,29671,1479930
1284,"Feb 16, 2014",5.9e-05,6.500000000000001e-05,5.3e-05,5.6000000000000006e-05,18491,1573000
1285,"Feb 15, 2014",5.9e-05,6.500000000000001e-05,5.6999999999999996e-05,5.9e-05,17212,1591430
1286,"Feb 14, 2014",5.5e-05,6.7e-05,4.9e-05,6.500000000000001e-05,65286,1462290
1287,"Feb 13, 2014",7.099999999999999e-05,7.2e-05,5.5e-05,5.9999999999999995e-05,42738,1904340
1288,"Feb 12, 2014",6.7e-05,7.3e-05,5.9e-05,5.9e-05,48506,1799330
1289,"Feb 11, 2014",6.8e-05,7.7e-05,6.1e-05,6.7e-05,71932,1831110
1290,"Feb 10, 2014",6.8e-05,7.6e-05,5e-05,6.8e-05,86855,1829700
1291,"Feb 09, 2014",7.4e-05,7.8e-05,6.2e-05,6.2e-05,80559,1981150
1292,"Feb 08, 2014",7.7e-05,8.6e-05,6.9e-05,7.5e-05,42025,2050180
1293,"Feb 07, 2014",9.4e-05,9.4e-05,7.3e-05,7.8e-05,128101,2504270
1294,"Feb 06, 2014",9.7e-05,0.00010400000000000001,9e-05,9.4e-05,43402,2599700
1295,"Feb 05, 2014",0.00010800000000000001,0.00011499999999999999,9.1e-05,9.7e-05,156478,2870440
1296,"Feb 04, 2014",0.00011100000000000001,0.000148,0.0001,0.0001,588765,2945070
1297,"Feb 03, 2014",7.2e-05,0.000129,5.5e-05,0.00011100000000000001,82122,1910950
1298,"Feb 02, 2014",7.2e-05,8.1e-05,6.7e-05,7.2e-05,16403,1905770
1299,"Feb 01, 2014",8.7e-05,9.1e-05,7.2e-05,7.2e-05,18286,2323540
1300,"Jan 31, 2014",0.00010400000000000001,0.000106,8.4e-05,8.7e-05,24855,2726040
1301,"Jan 30, 2014",0.00010700000000000001,0.00011399999999999999,0.000103,0.00010700000000000001,22427,2792900
1302,"Jan 29, 2014",0.000101,0.00011499999999999999,0.0001,0.000106,17247,2643150
1303,"Jan 28, 2014",9.8e-05,0.000123,8.9e-05,0.000102,41755,2538110
1304,"Jan 27, 2014",0.00013700000000000002,0.00014,9.6e-05,9.8e-05,33466,3490320
1305,"Jan 26, 2014",0.000155,0.000157,0.00011200000000000001,0.000138,103589,3824280
1306,"Jan 25, 2014",0.00019099999999999998,0.000194,0.000134,0.000154,97316,4583520
1307,"Jan 24, 2014",0.00018999999999999998,0.000258,0.000154,0.00019099999999999998,424852,4409800
1308,"Jan 23, 2014",4e-05,0.00018999999999999998,4e-05,0.000188,68037,874631
1309,"Jan 22, 2014",3.9e-05,4e-05,2.9999999999999997e-05,3.9e-05,6709,837440
1310,"Jan 21, 2014",3.3e-05,4.5e-05,2.8999999999999997e-05,4.1e-05,13834,703648
1311,"Jan 20, 2014",1.2e-05,4.6e-05,1e-05,3.4e-05,36821,242325
1312,"Jan 19, 2014",3e-06,1.2e-05,3e-06,1.2e-05,18041,51929
1313,"Jan 18, 2014",3e-06,3e-06,3e-06,3e-06,387,51596
1314,"Jan 17, 2014",3e-06,3e-06,3e-06,3e-06,498,51933
1315,"Jan 16, 2014",3e-06,4e-06,2e-06,3e-06,546,53690
1316,"Jan 15, 2014",2e-06,4e-06,2e-06,3e-06,555,31244
1317,"Jan 14, 2014",5e-06,5e-06,2e-06,2e-06,1508,67700
1318,"Jan 13, 2014",6e-06,6e-06,5e-06,5e-06,1980,75752
1319,"Jan 12, 2014",6e-06,6e-06,6e-06,6e-06,2264,77227
1320,"Jan 11, 2014",1e-05,1.2e-05,9e-06,9e-06,1,108754
1321,"Jan 10, 2014",1.4000000000000001e-05,1.4000000000000001e-05,8e-06,1e-05,1812,144114
1322,"Jan 09, 2014",1.2e-05,1.4999999999999999e-05,8e-06,1.4000000000000001e-05,2298,115151
1323,"Jan 08, 2014",1.4999999999999999e-05,1.8e-05,1e-05,1.2e-05,782,134577
1324,"Jan 07, 2014",1e-05,1.9e-05,1e-05,1.4999999999999999e-05,2166,82925
1325,"Jan 06, 2014",1e-05,1.9e-05,9e-06,1e-05,1754,72279
